0.018529551103711,0.18435627222061,0.13697719573975,0.058199066668749,-0.042139574885368,0.18356330692768,0.076189562678337,-0.12300793081522,0.015044521540403,0.10312017053366,-0.0062363166362047,-0.094940431416035,0.014256662689149,-0.057895239442587,0.17593643069267,-0.17154596745968,-0.0552818775177,0.15853323042393,-0.0082395058125257,-0.15258933603764,0.0043344525620341,0.034777797758579,-0.0065425294451416,0.13498592376709,0.090767815709114,-0.12170539796352,-0.15946368873119,-0.089761629700661,0.04291382804513,0.073197312653065,0.12022348493338,0.086126804351807,-0.10279954224825,0.065490879118443,0.18096485733986,-0.052429124712944,0.064372986555099,0.036686379462481,0.061233337968588,-0.050681948661804,0.062381818890572,-0.098809994757175,-0.063067235052586,-0.0066140997223556,-0.12864372134209,-0.073624730110168,-0.010277161374688,0.095251806080341,-0.044295731931925,-0.049232978373766,0.13515858352184,0.097713619470596,0.10831279307604,-0.047377571463585,-0.017675111070275,0.046028878539801,0.044017039239407,0.0039842827245593,0.037158731371164,-0.15750597417355,-0.087005339562893,0.020466659218073,-0.026688853278756,-0.1516625136137,0.037895850837231,0.085049837827682,0.15742968022823,-0.083110608160496,-0.159916639328,0.14074859023094,-0.033024732023478,0.053580954670906,-0.031759098172188,0.03242139518261,-0.027464399114251,-0.11027905344963,-0.12277438491583,-0.099235035479069,0.10005379468203,0.094714388251305,-0.014022434130311,0.087562702596188,0.033925544470549,-0.044041536748409,0.1129087433219,-0.15172582864761,0.0089808935299516,-0.072580024600029,0.012637481093407,0.091131143271923,0.024750433862209,-0.031114272773266,0.1427156329155,-0.095280222594738,-0.12883181869984,-0.1565176397562,-0.010167636908591,0.057052850723267,0.036976713687181,-0.013440967537463,0.13493853807449,0.12781086564064,0.030677523463964,0.060796204954386,0.0013644081773236,-0.053572542965412,0.043438650667667,-0.024854300543666,0.083940602838993,0.11291463673115,0.067945957183838,0.070258796215057,-0.081262454390526,-0.073352843523026,0.021570822224021,-0.019358284771442,-0.062453515827656,-0.064912192523479,0.027665426954627,0.0078066438436508,0.15373319387436,-0.091024369001389,-0.059437036514282,0.0033350035082549,0.07521153241396,-0.00044411834096536,0.061727412045002,0.020764896646142
0.070191904902458,0.078516930341721,0.057627234607935,-0.00026158121181652,0.018190508708358,0.22544445097446,0.10146905481815,0.025310799479485,-0.010489558801055,0.060602944344282,0.059145353734493,0.0085384463891387,0.14624589681625,-0.16604295372963,-7.3757815698627e-05,-0.012862087227404,-0.060018330812454,0.17582565546036,-0.15403290092945,-0.026147665455937,0.21798832714558,-0.012725718319416,0.0076819504611194,0.14747421443462,-0.014249236322939,-0.12005010992289,-0.2016543596983,-0.18125101923943,0.073316112160683,0.10344843566418,0.0765271037817,0.070074513554573,-0.11255180835724,0.1193708255887,0.058361258357763,-0.10155933350325,0.012078064493835,0.024135075509548,0.11682198941708,0.0215811021626,0.023595619946718,-0.08380688726902,-0.0067673865705729,0.030210083350539,-0.091527327895164,-0.30931079387665,0.037327710539103,0.017679698765278,-0.021579958498478,0.042437400668859,0.13368433713913,-0.082420162856579,-0.082153864204884,0.05910400301218,-0.053329847753048,0.033640947192907,0.07962354272604,0.031419895589352,-0.0080638015642762,-0.10934418439865,-0.045999128371477,-0.016398679465055,0.044855881482363,-0.1650143712759,0.0018773400224745,-0.092828132212162,0.08130618929863,-0.10305900871754,-0.12302013486624,0.018877511844039,-0.038390621542931,0.089770287275314,-0.060345858335495,0.032535225152969,-0.079063959419727,-0.091100476682186,-0.02476617321372,-0.0028753851074725,0.046139355748892,0.11165577173233,0.0014892363687977,0.014874261803925,0.1112338155508,0.061411060392857,0.02198563143611,0.056625679135323,0.10199563205242,-0.041545387357473,0.030859647318721,-0.032110054045916,0.01102501526475,-0.15913072228432,-0.0074778683483601,-0.0023396585602313,-0.11380074173212,-0.097674697637558,-0.1111937686801,0.1181887537241,-0.10048351436853,0.1168764680624,0.099974863231182,0.049398962408304,-0.042407881468534,0.22736912965775,0.11561332643032,-0.022732969373465,0.01094757579267,0.0638317912817,0.024504251778126,0.0058432291261852,-0.12898893654346,0.0272899530828,-0.086507953703403,0.013976095244288,0.025029942393303,0.077820971608162,0.0025925519876182,0.022724842652678,-0.061477363109589,0.085760280489922,0.048679012805223,-0.048449233174324,-0.033733975142241,0.013170399703085,-0.046473320573568,-0.0034175738692284,-0.060525175184011,0.064967505633831
0.10369189828634,-0.086899966001511,-0.086005210876465,0.050902310758829,0.083015397191048,0.15003237128258,0.14800107479095,0.027781300246716,-0.073556669056416,0.0035533716436476,-0.066844493150711,0.017393920570612,0.12593442201614,-0.085331544280052,0.086921133100986,-0.061913307756186,-0.018507547676563,0.057140454649925,0.025822477415204,0.057463239878416,0.10217805951834,-0.054456453770399,0.0083945384249091,0.16740767657757,-0.0089153861626983,-0.16790777444839,-0.16846458613873,-0.26750010251999,-0.09561275690794,0.15065169334412,-0.0010290035279468,0.029369534924626,-0.10209114849567,0.029643578454852,0.092191316187382,0.0059698554687202,0.029779277741909,-0.12461299449205,-0.054828234016895,-0.099467553198338,0.059361789375544,-0.071394264698029,0.04141391441226,0.064424909651279,-0.13266485929489,0.0043178792111576,0.077104575932026,0.070515364408493,0.014452435076237,0.044017091393471,0.070517957210541,-0.20572055876255,0.082150563597679,0.0045739668421447,0.10915230214596,0.014552040025592,0.016127744689584,0.036295939236879,0.089781634509563,-0.025472233071923,0.026897020637989,0.079545386135578,-0.039419908076525,-0.16606901586056,0.056984644383192,-0.12597739696503,0.0075571676716208,-0.070665620267391,-0.051233291625977,-0.13068662583828,-0.032363194972277,0.10248386114836,-0.07107338309288,-0.12551476061344,-0.082673117518425,0.10818011313677,0.00043750702752732,0.05850026756525,0.11080130189657,0.14645251631737,0.025883585214615,-0.085044227540493,-0.058439947664738,0.029201626777649,-0.003099505789578,0.094281017780304,0.048803489655256,-0.070842519402504,-0.078571796417236,0.011115253902972,0.022706082090735,-0.02484936080873,-0.014459642581642,-0.075050212442875,-0.20237602293491,-0.0096563771367073,-0.0085936635732651,0.047766409814358,0.01417950540781,0.029196543619037,0.14776253700256,0.059896148741245,0.044626086950302,0.0097795650362968,-0.056100875139236,-0.064976245164871,-0.07354848086834,0.077304594218731,-0.12134741991758,0.1679859906435,-0.024385221302509,-0.063991345465183,-0.016003957018256,-0.17567279934883,-0.091186709702015,0.15988233685493,-0.0024268124252558,-5.2651899750344e-05,-0.17857526242733,0.10541988909245,-0.025497997179627,-0.082771822810173,-0.034934308379889,0.069866195321083,-0.094605967402458,0.02856501378119,-0.12024319916964,-0.0098987966775894
-0.01919374614954,-0.048243749886751,-0.033563211560249,-0.07818428426981,0.029218787327409,0.045679941773415,-0.070473849773407,0.029119111597538,-0.11521229147911,0.077197223901749,0.049976523965597,0.083770401775837,0.17474767565727,0.11402436345816,0.081687785685062,0.017412034794688,0.041740596294403,-0.082061566412449,0.051472492516041,0.16302432119846,0.048959825187922,-0.13839441537857,0.15060034394264,0.16718500852585,0.012938464991748,0.11308694630861,0.096986055374146,-0.093840532004833,0.059517294168472,0.016911324113607,-0.00038736371789128,0.028335163369775,0.12638561427593,0.082723759114742,-0.16527912020683,0.056359343230724,-0.0043756845407188,0.21727049350739,-0.058753725141287,-0.014726051129401,-0.0068925628438592,-0.081166438758373,-0.022403372451663,-0.006246286444366,-0.1344638466835,-0.0814473554492,0.11043409258127,0.0019638694357127,-0.050512224435806,0.0073155728168786,0.020747700706124,-0.099259681999683,0.01030835788697,0.016529170796275,0.12930664420128,0.0689837038517,-0.0057653826661408,0.15959131717682,0.014152977615595,-0.122324898839,-0.11522527039051,-0.057185906916857,0.10092325508595,-0.078920878469944,0.069400034844875,0.15617319941521,-0.041072618216276,0.11134418845177,-0.06365492194891,-0.040153533220291,-0.10945762693882,0.042594119906425,-0.12867558002472,-0.016844699159265,0.19156032800674,0.022799208760262,0.057689312845469,0.037231892347336,0.10221297293901,0.07165464758873,-0.0944754332304,-0.073295071721077,0.047619096934795,-0.049865193665028,-0.025217700749636,-0.056857872754335,0.086216829717159,0.10544846951962,0.1118301153183,-0.0063303331844509,-0.016356993466616,-0.078312300145626,0.058825314044952,0.10598395764828,-0.046024043112993,-0.061555881053209,-0.052277620881796,0.11778555065393,0.07838399708271,-0.09307886660099,0.0030514402315021,-0.050764121115208,-0.030786078423262,0.087942555546761,-0.099181406199932,0.094129957258701,-0.13682545721531,-0.029051987454295,0.061680719256401,-0.21613401174545,-0.038490861654282,0.20836175978184,-0.0045668920502067,0.0099563617259264,0.053873263299465,0.055386751890182,-0.081067115068436,-0.071730680763721,-0.035930968821049,0.19569350779057,0.022635195404291,-0.059439353644848,-0.052903853356838,0.020725326612592,-0.12871894240379,0.14226561784744,-0.041945986449718,0.044464379549026
0.021210478618741,0.01744456961751,0.013721032999456,-0.018973158672452,-0.035628288984299,0.25039294362068,0.018534308299422,-0.097616702318192,-0.086409583687782,-0.065165914595127,-0.085942134261131,0.042888052761555,0.063465096056461,-0.069998472929001,0.067172154784203,-0.078672707080841,-0.17143103480339,-0.042594041675329,0.018736053258181,0.0010142064420506,0.042623855173588,0.01491186581552,0.051991302520037,0.1325645595789,-0.050434418022633,0.023160792887211,-0.10789580643177,-0.25162929296494,-0.088697284460068,0.071989506483078,0.025655360892415,0.020445678383112,-0.077344126999378,0.063866421580315,0.084890924394131,0.062624000012875,0.038609012961388,0.043666530400515,0.003070599399507,0.013957324437797,0.045448489487171,-0.10506722331047,-0.013828134164214,-0.023959701880813,-0.099745064973831,0.01916616410017,0.16134466230869,0.020108219236135,-0.13269226253033,0.07295935600996,0.040691487491131,-0.12301924824715,0.14341375231743,0.0819051861763,0.16809485852718,0.055003494024277,0.065625675022602,0.13760417699814,-0.0040365876629949,-0.14231607317924,-0.051363311707973,0.15200021862984,0.11506750434637,-0.18491487205029,0.10230277478695,0.035536985844374,0.081989742815495,-0.010897789150476,-0.10783904790878,0.019271820783615,-0.058984376490116,0.048128839582205,-0.086679175496101,0.035105224698782,0.095160692930222,0.048866357654333,-0.10108294337988,-0.09735893458128,0.13305057585239,0.13499037921429,0.034765858203173,0.0064238277263939,-0.0059070526622236,-0.04182343184948,-0.078894577920437,-0.01071472838521,0.061644371598959,-0.04330713301897,-0.060564365237951,0.085374072194099,0.077654145658016,-0.10348156839609,0.11675203591585,0.0054299323819578,-0.18668577075005,0.0045781368389726,0.023642236366868,0.10477551072836,0.11091020703316,0.028348211199045,0.097764320671558,0.056697033345699,-0.073278717696667,0.047855768352747,-0.069564163684845,0.009147017262876,-0.11208171397448,0.014500639401376,-0.17608414590359,0.060324147343636,0.071155294775963,0.080720312893391,-0.016241254284978,-0.15567757189274,-0.023321744054556,0.15372031927109,-0.10022937506437,-0.032984916120768,-0.057784516364336,0.10090656578541,0.12390653043985,-0.14289562404156,0.050834838300943,-0.048249147832394,-0.063844278454781,0.12743160128593,-0.032469093799591,0.0069998530671
-0.08416947722435,0.14949077367783,-0.053117580711842,-0.013899869285524,-0.048515535891056,0.18890845775604,-0.060553133487701,-0.031001716852188,-0.070937745273113,0.13946357369423,0.0030376201029867,-0.061220828443766,0.11396282166243,0.0081206625327468,0.12027259171009,-0.05006317794323,-0.035254016518593,0.019104497507215,0.044109363108873,0.064922325313091,-0.033540803939104,-0.1303368806839,0.10298629850149,0.11451031267643,0.0071477559395134,-0.0071476278826594,-0.13447214663029,-0.13994815945625,0.11517236381769,-0.01966012455523,0.12075255811214,0.10105358809233,-0.007773625664413,-0.020034443587065,-0.015767944976687,0.14208935201168,-0.0018682577647269,0.12815070152283,-0.04702265188098,0.014310748316348,0.024529878050089,-0.099209919571877,-0.12304103374481,-0.038129281252623,-0.13405571877956,-0.010345946066082,0.15398745238781,0.078137554228306,-0.11282429844141,-0.028779063373804,-0.038249958306551,0.068214073777199,0.061012662947178,-0.043551068753004,0.019802900031209,0.075941115617752,0.05920772626996,0.063328310847282,0.088720455765724,-0.18630677461624,-0.17323341965675,0.10959097743034,0.10398922860622,-0.19793820381165,0.03484233096242,0.16242682933807,0.1200770586729,0.012430281378329,-0.11665963381529,0.05979286134243,-0.043878450989723,0.087740071117878,-0.093165315687656,0.10138549655676,0.17172269523144,-0.044628348201513,-0.11108808964491,0.033770430833101,0.103499956429,0.030130820348859,-0.09259968996048,0.04411855712533,-0.04225542023778,-0.06004923209548,0.027363814413548,0.047599829733372,-0.0056136981584132,0.0022651816252619,0.068689271807671,-0.020503710955381,0.042747050523758,-0.012699753046036,0.13314646482468,-0.036068569868803,-0.0056933388113976,-0.15818278491497,0.013502346351743,0.16696046292782,0.0081577291712165,-0.067055366933346,0.031222807243466,0.0082851257175207,-0.0095623098313808,0.034727778285742,-0.11482843011618,0.15511806309223,-0.0244663041085,-0.028175260871649,0.10228658467531,0.0096765989437699,-0.034239865839481,0.14570565521717,0.00081477290950716,-0.11293914914131,0.010458012111485,0.001360198832117,-0.089000210165977,-0.14833027124405,0.081457287073135,0.1113078892231,0.087173230946064,-0.15010672807693,-0.0077160098589957,0.03599725663662,-0.12753216922283,0.11814345419407,-0.019731080159545,0.086040079593658
-0.019371392205358,0.12155401706696,0.099412448704243,0.031553100794554,0.009354131296277,0.19038487970829,0.0750502794981,0.0077765821479261,-0.01939375884831,0.094327740371227,0.0071697128005326,0.015764977782965,0.080518044531345,-0.085422717034817,0.19070665538311,-0.11223255097866,-0.057700742036104,0.036569021642208,-0.034510727971792,0.014698200859129,-0.037695094943047,-0.073713645339012,0.034692980349064,0.14342470467091,0.065181724727154,-0.19338899850845,-0.12324949353933,-0.058557759970427,-0.052546229213476,0.015818860381842,0.12426649034023,-0.032110344618559,-0.018560994416475,0.13074192404747,0.0043319039978087,0.012688972055912,0.094865500926971,-0.067135535180569,0.0065550250001252,0.0078874081373215,0.12404905259609,-0.16523219645023,0.086673595011234,-0.080311715602875,-0.15117514133453,-0.18644611537457,0.047948271036148,0.047569170594215,0.0037938170135021,0.13693106174469,0.082556486129761,-0.14896909892559,-0.029591336846352,0.017013296484947,0.036774337291718,0.086101092398167,-0.093058124184608,0.036541271954775,0.0034313963260502,-0.027293348684907,-0.15244174003601,0.043818816542625,-0.046000976115465,-0.28036925196648,0.071954809129238,0.12314935773611,0.047056350857019,-0.12994813919067,-0.26250553131104,-0.022462474182248,-0.045342177152634,0.13552615046501,-0.075741283595562,0.072149686515331,0.093687191605568,0.024828210473061,0.062209509313107,-0.026213912293315,0.12529128789902,0.075323976576328,-0.072677448391914,-0.10759460926056,0.082477830350399,0.091329924762249,0.022042658179998,0.034879550337791,0.015009382739663,-0.0237109772861,0.063465349376202,0.069475799798965,-0.0075633954256773,-0.14135912060738,0.12652376294136,-0.017539169639349,-0.12943921983242,-0.087126098573208,-0.098531268537045,0.040595483034849,-0.026283338665962,0.047015007585287,-0.0097696334123611,-0.0014566160971299,-0.030504085123539,0.057929128408432,0.044549662619829,0.097540773451328,-0.010081046260893,0.0035575870424509,-0.066581964492798,0.059721782803535,-0.078080490231514,0.044817194342613,0.052247662097216,0.0121746994555,-0.063426941633224,-0.037359196692705,0.069135688245296,0.11044077575207,-0.022762626409531,0.17678263783455,0.10744882375002,-0.1120383515954,-0.079118184745312,0.074306502938271,0.0085666105151176,0.032247066497803,-0.013624547049403,0.024482237175107
-0.11512637883425,0.23539009690285,-0.028266767039895,-0.076949529349804,-0.070589646697044,0.078508399426937,-0.085654810070992,-0.035829175263643,-0.020997192710638,0.18062275648117,0.025863133370876,-0.085439749062061,0.086166664958,0.010416484437883,0.14973832666874,-0.11328481137753,-0.014640055596828,-0.048429202288389,0.080860011279583,-0.0060108243487775,-0.10702843219042,-0.093226917088032,0.021724715828896,0.037003308534622,0.042965315282345,0.00053840759210289,-0.0073411227203906,-0.025150738656521,0.094286359846592,-0.0087434630841017,0.074630215764046,0.0098173748701811,0.10811538249254,-0.018809104338288,-0.00032233286765404,0.044759191572666,0.13756982982159,0.090154707431793,0.05623671412468,-0.0029309615492821,0.062659814953804,-0.16939191520214,-0.029360204935074,-0.072671800851822,-0.10284768790007,0.078131139278412,0.091660790145397,0.072572767734528,-0.12108352035284,-0.10081635415554,-0.07054628431797,0.1197197213769,0.10355766862631,-0.0073180627077818,-0.024743074551225,0.07488077878952,0.033982448279858,-0.066379062831402,-0.015965348109603,-0.165282741189,-0.14695544540882,0.023434577509761,0.011194719001651,-0.093065410852432,-0.043055761605501,0.2290050983429,0.10048131644726,0.057073380798101,-0.046421337872744,-0.094295121729374,-0.054804775863886,-0.054678108543158,-0.12178828567266,-0.025133458897471,0.28655755519867,0.037114631384611,-0.11862272769213,0.014822283759713,0.1207398250699,0.075904570519924,-0.11832962930202,0.034018438309431,0.030906587839127,0.078667752444744,0.076228953897953,0.082461729645729,-0.014599625021219,0.0052269259467721,0.088211558759212,0.034024298191071,-0.023765256628394,-0.056681342422962,0.1710369437933,0.037838879972696,-0.12217322736979,-0.2189926803112,-0.041361071169376,0.086174532771111,0.043516468256712,-0.13996663689613,0.0487180352211,-0.00031737121753395,0.021685760468245,0.043078176677227,-0.075058378279209,0.11286701261997,0.0055257519707084,0.05125367641449,0.032222520560026,-0.00046266199206002,0.031863562762737,0.040778066962957,-0.040377102792263,-0.049526385962963,-0.064140386879444,-0.039921592921019,-0.17908541858196,-0.10697659105062,0.073469646275043,0.048961490392685,0.12347964197397,-0.13294094800949,-0.088192604482174,0.032022833824158,-0.023356348276138,0.077796705067158,-0.029969625174999,0.063649497926235
0.026586992666125,0.071104504168034,0.018085079267621,-0.094606585800648,0.14306071400642,0.1465920060873,0.026186779141426,-0.057681791484356,-0.0011900517856702,-0.037252273410559,0.023476425558329,0.026272153481841,0.031726974993944,0.13188475370407,0.13535410165787,-0.095250144600868,0.06844212859869,0.027463968843222,0.016311271116138,0.10399153083563,-0.00075290189124644,0.15027378499508,0.04529544711113,0.013004260137677,-0.085024535655975,-0.02582448348403,-0.09099480509758,-0.0082641430199146,0.13551922142506,-0.0077836397103965,0.041817687451839,-0.035278078168631,0.017577473074198,-0.045451480895281,0.11605674028397,0.15839092433453,0.080840833485126,0.10245505720377,-0.045332871377468,0.0076660653576255,0.036791082471609,0.15786880254745,-0.1270803809166,-0.049596481025219,-0.22596295177937,0.12398148328066,0.0289845187217,0.054854661226273,-0.020902432501316,-0.0065142293460667,-0.16139966249466,0.063159078359604,-0.048931039869785,0.027519393712282,0.029083097353578,0.040069773793221,-0.032826911658049,0.15562915802002,-0.1822152286768,0.058162081986666,-0.14457583427429,0.078650400042534,0.16661290824413,-0.18205152451992,0.12157223373652,-0.018501320853829,0.096242442727089,0.038308337330818,-0.078423634171486,0.11420855671167,0.16761316359043,0.064656496047974,0.0016559145879,0.0059175295755267,0.036272577941418,0.078704863786697,-0.10570764541626,0.017202498391271,0.075299702584743,-0.16821447014809,-0.017183007672429,0.16520713269711,-0.014802587218583,0.057932138442993,0.074401691555977,-0.04857998713851,0.02979389205575,0.053503565490246,-0.05663213506341,0.080025233328342,0.17396999895573,-0.085690729320049,0.03812813013792,0.025401363149285,0.077407717704773,-0.22387884557247,-0.0066113620996475,0.048723854124546,-0.031717784702778,0.032158095389605,-0.022681040689349,0.047895580530167,-0.051833849400282,-0.064571507275105,-0.16158790886402,0.18513686954975,0.060337800532579,-0.14669364690781,0.078944809734821,0.03999949246645,0.05447842925787,-0.032623682171106,0.00056508183479309,0.057782780379057,0.007754017598927,0.028674613684416,-0.049949642270803,-0.12914210557938,-0.063181571662426,0.078362494707108,0.020447611808777,-0.068584442138672,-0.039527989923954,0.072828561067581,-0.018911276012659,0.11935620009899,0.0074524590745568,0.0094123026356101
-0.11512637883425,0.23539009690285,-0.028266767039895,-0.076949529349804,-0.070589646697044,0.078508399426937,-0.085654810070992,-0.035829175263643,-0.020997192710638,0.18062275648117,0.025863133370876,-0.085439749062061,0.086166664958,0.010416484437883,0.14973832666874,-0.11328481137753,-0.014640055596828,-0.048429202288389,0.080860011279583,-0.0060108243487775,-0.10702843219042,-0.093226917088032,0.021724715828896,0.037003308534622,0.042965315282345,0.00053840759210289,-0.0073411227203906,-0.025150738656521,0.094286359846592,-0.0087434630841017,0.074630215764046,0.0098173748701811,0.10811538249254,-0.018809104338288,-0.00032233286765404,0.044759191572666,0.13756982982159,0.090154707431793,0.05623671412468,-0.0029309615492821,0.062659814953804,-0.16939191520214,-0.029360204935074,-0.072671800851822,-0.10284768790007,0.078131139278412,0.091660790145397,0.072572767734528,-0.12108352035284,-0.10081635415554,-0.07054628431797,0.1197197213769,0.10355766862631,-0.0073180627077818,-0.024743074551225,0.07488077878952,0.033982448279858,-0.066379062831402,-0.015965348109603,-0.165282741189,-0.14695544540882,0.023434577509761,0.011194719001651,-0.093065410852432,-0.043055761605501,0.2290050983429,0.10048131644726,0.057073380798101,-0.046421337872744,-0.094295121729374,-0.054804775863886,-0.054678108543158,-0.12178828567266,-0.025133458897471,0.28655755519867,0.037114631384611,-0.11862272769213,0.014822283759713,0.1207398250699,0.075904570519924,-0.11832962930202,0.034018438309431,0.030906587839127,0.078667752444744,0.076228953897953,0.082461729645729,-0.014599625021219,0.0052269259467721,0.088211558759212,0.034024298191071,-0.023765256628394,-0.056681342422962,0.1710369437933,0.037838879972696,-0.12217322736979,-0.2189926803112,-0.041361071169376,0.086174532771111,0.043516468256712,-0.13996663689613,0.0487180352211,-0.00031737121753395,0.021685760468245,0.043078176677227,-0.075058378279209,0.11286701261997,0.0055257519707084,0.05125367641449,0.032222520560026,-0.00046266199206002,0.031863562762737,0.040778066962957,-0.040377102792263,-0.049526385962963,-0.064140386879444,-0.039921592921019,-0.17908541858196,-0.10697659105062,0.073469646275043,0.048961490392685,0.12347964197397,-0.13294094800949,-0.088192604482174,0.032022833824158,-0.023356348276138,0.077796705067158,-0.029969625174999,0.063649497926235
0.065430447459221,0.072439230978489,-0.053961392492056,0.11404136568308,-0.019946875050664,0.10381020605564,0.012967362999916,0.023094981908798,0.065396972000599,0.013621645979583,0.17944602668285,0.048541724681854,0.070855908095837,-0.21961058676243,-0.063050359487534,0.014955945312977,0.0178501624614,0.19540439546108,-0.14229063689709,0.081260956823826,0.1506119966507,-0.069516465067863,0.01805005595088,0.15891417860985,-0.013803726062179,-0.18400047719479,-0.055289678275585,-0.19248287379742,-0.058871224522591,0.096870221197605,0.015275216661394,0.031504709273577,0.038318231701851,0.1537714600563,-0.018970433622599,-0.028565507382154,0.033621542155743,-0.065152041614056,-0.050665188580751,0.01740382052958,0.0013938897754997,-0.12199432402849,-0.015365526080132,0.053693480789661,-0.039179131388664,-0.18660548329353,0.081138461828232,-0.017860677093267,-0.074199847877026,0.10088319331408,0.11829375475645,-0.11176706105471,-0.11600190401077,0.013561678119004,-0.066317193210125,0.075215972959995,-0.020211793482304,-0.10768140107393,0.011295637115836,0.024097565561533,-0.026781147345901,-0.068769603967667,0.013924357481301,-0.16831417381763,0.033215913921595,-0.18504728376865,0.013341824524105,-0.11831624805927,-0.10135834664106,0.048994701355696,-0.076547540724277,-0.026712404564023,-0.070426434278488,-0.03874770924449,-0.088973179459572,-0.067756235599518,0.049694828689098,0.14707803726196,-0.097993433475494,0.030580405145884,-0.12197941541672,-0.006328915245831,-0.065113864839077,-0.0058927624486387,-0.057043682783842,0.22692213952541,0.0078400271013379,-0.14990803599358,-0.037619695067406,0.025923797860742,-0.014724208973348,-0.16709154844284,-0.082899399101734,-0.037382107228041,-0.030845465138555,-0.00055158749455586,-0.16075024008751,-0.025781121104956,-0.048378635197878,0.054324820637703,0.027875842526555,-0.023494973778725,-0.024885764345527,0.11069739609957,0.17193435132504,-0.028205780312419,0.032914042472839,0.075745739042759,-0.10160739719868,0.019899744540453,-0.18372265994549,-0.010030373930931,0.022991420701146,-0.046403866261244,-0.025420717895031,-0.01952856965363,0.021888963878155,-0.061115276068449,0.033534064888954,0.10100643336773,0.0038296156562865,0.045652933418751,-0.076650530099869,0.17285446822643,0.072656966745853,-0.04953546449542,0.0097846351563931,-0.014451233670115
0.089220955967903,0.13586415350437,-0.047426611185074,0.059719447046518,-0.014087869785726,0.22111125290394,0.06842815130949,0.072523333132267,0.023621896281838,0.010254200547934,0.10447134077549,-0.0014698187587783,0.087775230407715,-0.26082575321198,0.026678644120693,-0.024564240127802,-0.002504559000954,0.081459686160088,-0.16886939108372,0.031816020607948,0.065924189984798,0.00053749408107251,0.013583646155894,0.10158574581146,-0.025163857266307,-0.19754047691822,-0.095932230353355,-0.18220634758472,-0.027400190010667,0.036782689392567,0.099016100168228,0.047897081822157,-0.059378445148468,0.14742933213711,-0.02415731549263,-0.056561835110188,0.073058672249317,-0.047885484993458,-0.032391712069511,0.083665356040001,0.06555462628603,-0.12931025028229,-0.024547213688493,0.073247991502285,-0.08848163485527,-0.18224142491817,0.069215752184391,0.014949688687921,-0.074938230216503,0.12516140937805,0.13798479735851,-0.10922153294086,-0.12951269745827,0.00022368678764906,-0.11068978905678,0.028197774663568,-0.036650635302067,-0.049068484455347,0.078034661710262,-0.034906420856714,-0.099940441548824,-0.031276009976864,0.0031945577356964,-0.24565720558167,0.020996471866965,-0.1654866039753,0.1000809147954,-0.13010628521442,-0.12028808146715,0.0036632972769439,-0.054058626294136,0.032066844403744,-0.023550936952233,0.036146111786366,-0.056114204227924,-0.091371111571789,-0.0042793159373105,0.09619752317667,-0.055558394640684,0.11178416013718,-0.045971114188433,-0.050140451639891,-0.0018782725092024,0.017358705401421,0.010226773098111,0.16067060828209,0.040863405913115,-0.14974585175514,-0.04279151186347,0.0087113501504064,-0.012142625637352,-0.17733928561211,-0.094460621476173,-0.056171976029873,-0.061850611120462,-0.028631370514631,-0.057071000337601,-0.022367794066668,-0.11446709930897,0.083454214036465,-0.031246455386281,0.016912154853344,-0.016149304807186,0.17826876044273,0.046901505440474,-0.047625131905079,-0.0090983053669333,0.12206818908453,-0.085956811904907,0.047445222735405,-0.092416040599346,0.026192758232355,-0.015523368492723,-0.012861177325249,-0.056122247129679,-0.046086296439171,-0.025936253368855,-0.023916281759739,0.010158852674067,0.084856696426868,0.030627300962806,0.019728967919946,-0.028252547606826,0.16994482278824,0.1098555251956,-0.13763327896595,-0.04136510565877,-0.024733755737543
0.071670219302177,0.068125620484352,-0.075370647013187,0.10225116461515,-0.01207194570452,0.11375565081835,0.010915072634816,0.036907862871885,0.052655793726444,0.00017932768969331,0.13703517615795,0.042834307998419,0.05121173709631,-0.23574608564377,-0.051339987665415,0.0118663078174,0.0031929207034409,0.17213614284992,-0.10796836018562,0.079050548374653,0.13691797852516,-0.055194389075041,0.045576725155115,0.13014051318169,-0.02680379152298,-0.19373941421509,-0.040421076118946,-0.22076106071472,-0.082538843154907,0.092832997441292,0.0018941489979625,0.0024566645734012,0.049545489251614,0.14236626029015,0.0072739156894386,-0.034268815070391,0.071922786533833,-0.071276195347309,-0.06960417330265,0.0049742683768272,0.0013665972510353,-0.11770363897085,0.011512575671077,0.062993071973324,-0.067592963576317,-0.1458026021719,0.10551938414574,-0.025582976639271,-0.074015818536282,0.13415497541428,0.1160741969943,-0.14272893965244,-0.0992481559515,0.034107442945242,-0.042082116007805,0.063460610806942,0.0095032285898924,-0.12639558315277,0.018704317510128,0.014726073481143,-0.01818316616118,-0.063837207853794,0.0080508356913924,-0.18722975254059,0.064797073602676,-0.2110350728035,0.002165628829971,-0.12829394638538,-0.084218837320805,0.044981937855482,-0.080654703080654,-0.024375693872571,-0.071644850075245,-0.04899700731039,-0.085218787193298,-0.048397831618786,0.043274186551571,0.1564634591341,-0.08516550809145,0.023143043741584,-0.11258208751678,-0.012437662109733,-0.081447571516037,0.012904732488096,-0.040676642209291,0.22880521416664,-0.011653745546937,-0.13970126211643,-0.042226430028677,0.043488837778568,-0.0098552145063877,-0.16183635592461,-0.10157110542059,-0.062697850167751,-0.032471515238285,0.0033491547219455,-0.13847520947456,0.0042458660900593,-0.046468961983919,0.063348188996315,0.024616938084364,-0.021532593294978,-0.0083544952794909,0.080985851585865,0.15814833343029,-0.050524655729532,0.029329286888242,0.078787192702293,-0.13098441064358,0.047830298542976,-0.17118188738823,-0.025836039334536,0.048344239592552,-0.067078098654747,-0.044673733413219,-0.0082992222160101,0.038595367223024,-0.069236375391483,0.015337098389864,0.092716924846172,0.010263088159263,0.051840573549271,-0.05121910199523,0.16736802458763,0.083201862871647,-0.067590780556202,0.016999648883939,-0.014503025449812
0.069680258631706,0.066145747900009,-0.065867975354195,0.1064463108778,-0.037762925028801,0.1031668484211,-0.0033358982764184,0.036084782332182,0.045812845230103,0.011357403360307,0.16051249206066,0.031236743554473,0.063374564051628,-0.22290869057178,-0.040721502155066,0.0045063216239214,0.01169306319207,0.17415241897106,-0.10724718868732,0.096494562923908,0.11625286191702,-0.06215338036418,0.044719021767378,0.12225714325905,-0.033358428627253,-0.17904430627823,-0.03997952118516,-0.20018440485001,-0.084191799163818,0.07336113601923,0.003845436964184,0.012497110292315,0.054372776299715,0.15047124028206,-0.0043881027959287,-0.021173622459173,0.071005761623383,-0.058796536177397,-0.059974439442158,0.010133367963135,-0.0081404633820057,-0.13609610497952,-0.0044626449234784,0.055790450423956,-0.065484948456287,-0.16150073707104,0.095665335655212,-0.012681379914284,-0.071820743381977,0.14634464681149,0.10979969054461,-0.13018211722374,-0.11395642161369,0.043392077088356,-0.058081910014153,0.054398521780968,-0.00015416835958604,-0.14618660509586,0.02222989872098,0.021356964483857,-0.025601223111153,-0.065200984477997,0.001716127153486,-0.18042579293251,0.048301316797733,-0.19320152699947,0.019222866743803,-0.13212364912033,-0.085330285131931,0.041627626866102,-0.088711500167847,-0.037849023938179,-0.065099306404591,-0.022012699395418,-0.079148970544338,-0.080892652273178,0.051186930388212,0.14785462617874,-0.081570744514465,0.027756234630942,-0.11218803375959,-0.029848016798496,-0.085861220955849,-0.0032699508592486,-0.040959727019072,0.23266042768955,-0.018165884539485,-0.14682811498642,-0.024768752977252,0.04052497446537,-0.0028299549594522,-0.15624593198299,-0.079688683152199,-0.056052837520838,-0.034489911049604,-0.0045708888210356,-0.14643181860447,0.0020256752613932,-0.051131699234247,0.051420766860247,0.014814567752182,-0.015945656225085,-0.010884685441852,0.083139427006245,0.18292133510113,-0.035754356533289,0.041921641677618,0.080931015312672,-0.11064463853836,0.0436787083745,-0.18653886020184,-0.01475037727505,0.049637079238892,-0.056943465024233,-0.050378695130348,-0.032920323312283,0.06145928427577,-0.075228430330753,0.033050071448088,0.087646931409836,0.0082433074712753,0.038601789623499,-0.046659350395203,0.18308007717133,0.086989171802998,-0.083526290953159,0.033253706991673,-0.0034315239172429
0.058824591338634,0.022300465032458,-0.048509918153286,0.10579933226109,-0.00031352901714854,0.086614266037941,0.0082478895783424,0.031915981322527,0.072683744132519,-0.0088654207065701,0.16825769841671,0.06389519572258,0.062307361513376,-0.21095271408558,-0.079503260552883,0.024493036791682,-0.020338676869869,0.19394461810589,-0.14822237193584,0.09582344442606,0.17120821774006,-0.085041992366314,0.049087762832642,0.15964144468307,-0.01929340697825,-0.18690054118633,-0.044194504618645,-0.20576843619347,-0.067595966160297,0.083617240190506,0.0072900545783341,0.0067710210569203,0.046654153615236,0.14087972044945,-0.024903804063797,-0.017460741102695,-0.0020889181178063,-0.07313746958971,-0.068168960511684,0.01245690882206,0.0016319695860147,-0.11639659851789,-0.032212406396866,0.061785791069269,-0.052621800452471,-0.17827351391315,0.067727863788605,-0.020385809242725,-0.059925593435764,0.1108548566699,0.084031589329243,-0.13003626465797,-0.10918518900871,0.011977975256741,-0.060573320835829,0.069890677928925,-0.00060283188940957,-0.095744900405407,-0.011680443771183,0.050119712948799,-0.015766678377986,-0.055601883679628,0.025900322943926,-0.12604765594006,0.037586856633425,-0.19921834766865,-0.016865158453584,-0.10153678804636,-0.08308220654726,0.061724368482828,-0.069802895188332,-0.019331777468324,-0.070467986166477,-0.058422245085239,-0.083374835550785,-0.049469582736492,0.045731224119663,0.14413404464722,-0.097693130373955,0.030155701562762,-0.12062565982342,-0.017268765717745,-0.06975369155407,0.0063592181541026,-0.084978856146336,0.24906525015831,0.016737464815378,-0.1226831972599,-0.059488046914339,0.018410408869386,0.0063024898990989,-0.15471574664116,-0.093755632638931,-0.035857819020748,-0.034295897930861,0.0032254410907626,-0.18785482645035,-0.016119303181767,-0.034850176423788,0.055571567267179,0.045197818428278,-0.050873626023531,-0.031194444745779,0.076938308775425,0.20407563447952,-0.024713773280382,0.030605362728238,0.079281948506832,-0.094433434307575,0.0088143413886428,-0.19397224485874,-0.0078792907297611,0.042328130453825,-0.052686035633087,-0.019654640927911,0.020283089950681,0.031432632356882,-0.036727983504534,0.03127521276474,0.12575046718121,-0.0058903484605253,0.037745755165815,-0.096673853695393,0.15944387018681,0.042389150708914,-0.020021945238113,0.0023176711983979,0.0072256079874933
