0.070284351706505,0.22299449145794,-0.0051383576355875,0.15310513973236,-0.053193341940641,0.081106461584568,0.010955172590911,0.015259655192494,0.055495154112577,0.083599351346493,0.18668693304062,-0.044209476560354,0.044523775577545,-0.16518296301365,0.054610963910818,0.016590494662523,0.06374966353178,0.11186371743679,-0.098359428346157,0.051574118435383,0.043480347841978,-0.057180855423212,-0.0043121669441462,0.10912088304758,0.059167724102736,-0.2506009042263,-0.077912397682667,-0.041649490594864,-0.013194765895605,0.090785101056099,0.030557598918676,0.012233613058925,0.014849171973765,0.13890151679516,-0.037398871034384,-0.017055315896869,0.075231663882732,-0.0683918222785,-0.024951849132776,0.057510528713465,-0.038668192923069,-0.11082495003939,0.031038481742144,-0.021009372547269,0.00086254370398819,-0.14166420698166,0.064609348773956,0.0067187105305493,-0.038838602602482,0.1473385989666,0.1763916015625,0.02131113409996,-0.17633657157421,0.0021094607654959,-0.063853099942207,0.030322849750519,-0.077136181294918,-0.16050171852112,0.063773229718208,0.025749415159225,-0.078064516186714,-0.099165432155132,-0.064341574907303,-0.23453535139561,0.0072216507978737,-0.088295325636864,0.062517784535885,-0.13715547323227,-0.15499140322208,0.043951239436865,-0.025876183062792,0.059634543955326,-0.038118649274111,0.054244328290224,-0.042713366448879,-0.10303177684546,0.1125797778368,0.12221857905388,-0.07077157497406,0.056695926934481,-0.062560573220253,-0.070231378078461,-0.046771511435509,0.002866875147447,0.028863176703453,0.17534473538399,-0.089268937706947,-0.17897886037827,0.048875618726015,0.049403376877308,-0.075165286660194,-0.14789892733097,-0.051198814064264,-0.035426888614893,-0.010379868559539,-0.065751597285271,-0.098137274384499,-0.042947664856911,-0.058002833276987,0.028265221044421,-0.030828189104795,0.03208577260375,0.014498299919069,0.093630783259869,0.087163425981998,0.035182766616344,0.064072340726852,0.066429488360882,-0.00010387060319772,0.050381630659103,-0.15612770617008,0.0040821982547641,0.015840586274862,0.022696146741509,-0.036198694258928,-0.10240022838116,0.095132037997246,0.0048772334121168,0.041300509124994,0.072072066366673,-0.0042937789112329,0.066226311028004,-0.02135169506073,0.21273055672646,0.14373578131199,-0.093714274466038,0.099744074046612,-0.011747198179364
0.052989508956671,0.21740533411503,0.0071050245314837,0.15697959065437,-0.055218778550625,0.086044117808342,0.0098869372159243,0.020752569660544,0.057290807366371,0.091351054608822,0.1871449649334,-0.035733751952648,0.039398305118084,-0.16535413265228,0.063106328248978,0.0086060548201203,0.053061287850142,0.11469345539808,-0.091941669583321,0.038260404020548,0.044125992804766,-0.066571727395058,-0.010521532967687,0.1172641813755,0.074588522315025,-0.24855294823647,-0.076218247413635,-0.046161841601133,-0.021641980856657,0.083284437656403,0.04084450379014,0.0063575836829841,0.015209409408271,0.13934871554375,-0.042175609618425,-0.0092043681070209,0.066576659679413,-0.084846623241901,-0.029046529904008,0.06261894851923,-0.015968376770616,-0.11891028285027,0.031352568417788,-0.018571738153696,-0.0035041128285229,-0.15204672515392,0.067687191069126,-0.0038377463351935,-0.037715461105108,0.12932859361172,0.1818655282259,0.01292169559747,-0.17765580117702,-0.001724073314108,-0.055232718586922,0.046533986926079,-0.083979055285454,-0.15485724806786,0.062741808593273,0.027765747159719,-0.080902859568596,-0.10262490063906,-0.071777760982513,-0.23126740753651,0.018608538433909,-0.080440573394299,0.062016166746616,-0.13713365793228,-0.15199153125286,0.058022692799568,-0.024396952241659,0.072741352021694,-0.039995923638344,0.046008482575417,-0.032238490879536,-0.095089860260487,0.10394384711981,0.13196238875389,-0.074676901102066,0.050604753196239,-0.081903509795666,-0.065505288541317,-0.03228722885251,0.0082041500136256,0.013889011926949,0.1780584603548,-0.069259874522686,-0.17244666814804,0.040536098182201,0.041455458849669,-0.085279166698456,-0.14935530722141,-0.044020511209965,-0.041981600224972,-0.02100782468915,-0.066386096179485,-0.10420433431864,-0.050137065351009,-0.053053550422192,0.033355761319399,-0.037019152194262,0.026514764875174,0.014717444777489,0.088916584849358,0.097021616995335,0.040570549666882,0.055997081100941,0.06407630443573,-0.015547866933048,0.042980723083019,-0.16509704291821,0.0013721241848543,0.013844585046172,0.011026411317289,-0.02945688739419,-0.10546077042818,0.093323491513729,7.5356962042861e-05,0.047794278711081,0.078974515199661,0.0076456069946289,0.059648394584656,-0.033417776226997,0.20885217189789,0.14457133412361,-0.080494783818722,0.097189657390118,0.0017224752809852
0.066068135201931,0.21411621570587,0.0078016761690378,0.15549916028976,-0.059444457292557,0.085043773055077,0.013444754295051,0.02446754463017,0.050172246992588,0.099956706166267,0.18959480524063,-0.04337827116251,0.049518320709467,-0.15210890769958,0.065836928784847,0.010141944512725,0.057377930730581,0.09953948110342,-0.10539910942316,0.054404702037573,0.029598571360111,-0.082092508673668,-1.2778997188434e-05,0.10750576108694,0.067319609224796,-0.24596387147903,-0.08229261636734,-0.025564832612872,-0.019001729786396,0.06903064250946,0.043534435331821,0.017336810007691,0.0027319868095219,0.13864473998547,-0.057532172650099,-0.0058253915049136,0.049151930958033,-0.056703571230173,-0.027548279613256,0.058509547263384,-0.036138202995062,-0.11902349442244,0.011827368289232,-0.03386315330863,0.0025918344035745,-0.15619878470898,0.045903854072094,0.014778623357415,-0.033987037837505,0.14952291548252,0.17836920917034,0.034783083945513,-0.18681833148003,-0.0070634693838656,-0.060158465057611,0.02653369307518,-0.093349136412144,-0.14464771747589,0.066155612468719,0.02530724182725,-0.089843086898327,-0.098555892705917,-0.064052224159241,-0.23335503041744,0.0052551538683474,-0.059727642685175,0.061330664902925,-0.11810367554426,-0.17042547464371,0.053775943815708,-0.018499398604035,0.07929390668869,-0.034665945917368,0.070896752178669,-0.036645032465458,-0.10941367596388,0.12174460291862,0.10726171731949,-0.059868268668652,0.066394172608852,-0.073095880448818,-0.097204692661762,-0.03575474023819,-0.010416228324175,0.017617370933294,0.15534390509129,-0.077571019530296,-0.16358833014965,0.069016069173813,0.041505891829729,-0.081369198858738,-0.14467765390873,-0.031813099980354,-0.024889539927244,-0.012530997395515,-0.068643942475319,-0.090811960399151,-0.058054842054844,-0.06040496006608,0.025890311226249,-0.034632224589586,0.03377640247345,0.00089611642761156,0.09001624584198,0.091756880283356,0.054131079465151,0.056316733360291,0.058109812438488,0.019791875034571,0.034334320574999,-0.16043761372566,0.028006484732032,0.016396053135395,0.032998770475388,-0.01605306006968,-0.10763152688742,0.10103185474873,0.020775748416781,0.056897781789303,0.087217718362808,-0.0051420843228698,0.051560703665018,-0.022313104942441,0.21215482056141,0.14983674883842,-0.085905626416206,0.10936094075441,-0.0049447491765022
0.074346274137497,0.078009307384491,0.041729122400284,0.12130849808455,-0.012933999300003,0.08153673261404,0.015004772692919,0.028512364253402,0.077421791851521,0.020233346149325,0.21153162419796,0.0053184125572443,0.067755527794361,-0.12068773806095,0.014956240542233,0.022087335586548,0.041712027043104,0.22879199683666,-0.15548434853554,0.0017346986569464,0.17193853855133,-0.0076072514057159,0.024658398702741,0.12028986960649,0.029920967295766,-0.22524321079254,-0.085805416107178,-0.10574345290661,-0.062076903879642,0.095852881669998,0.0075679887086153,-0.0012811828637496,0.044326178729534,0.16433250904083,-0.0023564889561385,-0.031649749726057,0.024553161114454,-0.071391716599464,-0.016438521444798,0.058123532682657,-0.014751987531781,-0.039071641862392,-0.013726311735809,0.0058853016234934,-0.045690719038248,-0.21154157817364,0.010794745758176,-0.047857455909252,-0.01502048689872,0.090603418648243,0.15978270769119,-0.064701683819294,-0.16302101314068,0.049926444888115,-0.089613944292068,0.058212533593178,0.01556053571403,-0.14165610074997,0.01108368113637,0.056009527295828,-0.02702446654439,-0.094390369951725,-0.075961031019688,-0.13905873894691,0.015043574385345,-0.1441720277071,0.021612463518977,-0.064129173755646,-0.078109063208103,0.10206129401922,0.012887148186564,0.012596608139575,-0.019097920507193,-0.068605095148087,-0.096037715673447,-0.067577883601189,0.029132453724742,0.074925988912582,-0.11802259832621,0.007325601298362,-0.09087872505188,0.0053882286883891,-0.003029286628589,0.01192835252732,-0.048632025718689,0.21841624379158,0.018439963459969,-0.17386302351952,-0.054808586835861,0.026996582746506,-0.049570318311453,-0.17924475669861,-0.073625952005386,-0.052119359374046,-0.053741727024317,-0.042898204177618,-0.20375700294971,-0.028988594189286,-0.071768648922443,0.092917837202549,0.038858257234097,0.012078609317541,0.024812357500196,0.090818710625172,0.20984438061714,-0.035955242812634,0.044284570962191,0.034595504403114,-0.045557327568531,-0.0023185901809484,-0.1955640912056,-0.053081970661879,-0.0014728265814483,0.0044782655313611,-0.0056784185580909,-0.013003122061491,0.06574235111475,-0.023335676640272,0.0041138418018818,0.070253647863865,0.019999798387289,0.056372471153736,-0.085162505507469,0.16916671395302,0.13032965362072,-0.066187471151352,0.07153344899416,0.05508154630661
0.068851418793201,0.21916148066521,-0.018130639567971,0.15992091596127,-0.046691540628672,0.090316660702229,0.012719514779747,0.0038964408449829,0.038705915212631,0.10299593955278,0.19093377888203,-0.024182319641113,0.04452758654952,-0.15901164710522,0.054599232971668,0.023700417950749,0.063687108457088,0.10682978481054,-0.090127386152744,0.051701042801142,0.028744403272867,-0.067460842430592,0.0021537465509027,0.11153811961412,0.063763588666916,-0.23686520755291,-0.071028426289558,-0.041845485568047,-0.018185172230005,0.090895637869835,0.022377019748092,0.030153155326843,0.0055517228320241,0.13711746037006,-0.059004869312048,-0.0086891995742917,0.057448510080576,-0.075995616614819,-0.023705141618848,0.072903797030449,-0.03170308843255,-0.11513356119394,0.025446312502027,-0.029555067420006,-0.0090610152110457,-0.1388435959816,0.07135146856308,0.00422787014395,-0.039709687232971,0.14394137263298,0.19914844632149,0.02790929749608,-0.1886727809906,-0.0040011997334659,-0.055701799690723,0.034887596964836,-0.077449657022953,-0.14078283309937,0.067717477679253,0.046456150710583,-0.085217237472534,-0.098985217511654,-0.054341323673725,-0.24266116321087,0.02119374088943,-0.084514684975147,0.053358867764473,-0.12315747886896,-0.16183076798916,0.062815599143505,-0.026143088936806,0.084201209247112,-0.038700744509697,0.067657746374607,-0.034502949565649,-0.093278720974922,0.11791627854109,0.12362197041512,-0.081351652741432,0.049929421395063,-0.066684767603874,-0.076895840466022,-0.036819148808718,-0.00023736301227473,0.0068514919839799,0.17035999894142,-0.075758568942547,-0.17948414385319,0.043470222502947,0.040227372199297,-0.089171357452869,-0.14509192109108,-0.049066595733166,-0.027005732059479,-0.0082404995337129,-0.062107987701893,-0.090508095920086,-0.052386727184057,-0.045914303511381,0.027832118794322,-0.036601975560188,0.032017972320318,0.010585139505565,0.10205496102571,0.085589580237865,0.042335670441389,0.049140717834234,0.069482661783695,-0.0085056321695447,0.042101588100195,-0.15737321972847,0.018587484955788,0.030791675671935,0.019451472908258,-0.02949976362288,-0.10635291785002,0.094684883952141,0.011984588578343,0.048882767558098,0.087582319974899,0.0019641723483801,0.053060472011566,-0.019238419830799,0.20474787056446,0.14126494526863,-0.074517384171486,0.092799916863441,-0.0069530457258224
0.058491744101048,0.22329659759998,0.012217834591866,0.15874420106411,-0.051372956484556,0.082900308072567,0.012366444803774,0.01291717775166,0.052574973553419,0.094026461243629,0.18828077614307,-0.037674721330404,0.040951564908028,-0.15806695818901,0.060725092887878,0.023223901167512,0.057417448610067,0.11830867826939,-0.099967315793037,0.040151286870241,0.051370169967413,-0.069037616252899,-0.0064268200658262,0.11570522934198,0.075315199792385,-0.24729719758034,-0.081440448760986,-0.039218947291374,-0.011501421220601,0.090646833181381,0.03488451987505,0.020994357764721,0.012960900552571,0.14231976866722,-0.042513750493526,-0.013302783481777,0.063444696366787,-0.071270115673542,-0.020307769998908,0.057366479188204,-0.029225701466203,-0.11513409018517,0.035891450941563,-0.029575269669294,0.0049810921773314,-0.14938688278198,0.067302890121937,-0.0042746886610985,-0.04591104015708,0.12798430025578,0.18628765642643,0.020377159118652,-0.17955592274666,-0.0019407439976931,-0.054099194705486,0.043106999248266,-0.080450348556042,-0.14950729906559,0.06002639606595,0.026757437735796,-0.0798055306077,-0.10314925014973,-0.067910760641098,-0.23312743008137,0.020395057275891,-0.069277592003345,0.052375081926584,-0.13116164505482,-0.16400474309921,0.060973919928074,-0.023932214826345,0.073579236865044,-0.042609840631485,0.04979981854558,-0.034572619944811,-0.098032414913177,0.114427305758,0.12316590547562,-0.074579276144505,0.047209847718477,-0.073945328593254,-0.065911829471588,-0.03494768217206,0.00083125149831176,0.012351244688034,0.17004923522472,-0.078092224895954,-0.1725305467844,0.045796521008015,0.049050290137529,-0.082354389131069,-0.15175199508667,-0.049595776945353,-0.031786475330591,-0.014149930328131,-0.057192180305719,-0.10385201871395,-0.044158320873976,-0.049908835440874,0.0345079600811,-0.03170233592391,0.02585000731051,0.00786560960114,0.098810441792011,0.0958062261343,0.044757489115,0.05667095258832,0.061941158026457,0.00016864998906385,0.03128857165575,-0.16786113381386,0.010937832295895,0.011741413734853,0.019808363169432,-0.016783269122243,-0.10389040410519,0.090688690543175,0.0083425715565681,0.047348473221064,0.082258261740208,0.0045998287387192,0.062466010451317,-0.025703834369779,0.20595267415047,0.14656522870064,-0.074455097317696,0.10365173965693,-0.0081950444728136
0.061868917196989,0.21901802718639,0.012001018039882,0.15386983752251,-0.050594620406628,0.083453118801117,0.010200625285506,0.02291258610785,0.055277228355408,0.090515613555908,0.18742237985134,-0.042124509811401,0.041113272309303,-0.1678661108017,0.063894875347614,0.018338510766625,0.058556485921144,0.11810326576233,-0.10039794445038,0.043529193848372,0.050009366124868,-0.058891069144011,-0.0071594784967601,0.11506100744009,0.067520618438721,-0.25078958272934,-0.077637612819672,-0.043203853070736,-0.012400988489389,0.084636546671391,0.036589477211237,0.0068330224603415,0.015032895840704,0.14101213216782,-0.035591807216406,-0.014322376810014,0.068475276231766,-0.077354103326797,-0.027553342282772,0.056464489549398,-0.029275070875883,-0.11373381316662,0.030610153451562,-0.018186256289482,0.0019625562708825,-0.14667838811874,0.064120918512344,0.0014110868796706,-0.043470717966557,0.13434581458569,0.18086884915829,0.013836336322129,-0.18057222664356,-0.0035876727197319,-0.061673812568188,0.039190329611301,-0.083448126912117,-0.15828390419483,0.0617969147861,0.026815237477422,-0.07718126475811,-0.10408792644739,-0.071533501148224,-0.2285325974226,0.016554862260818,-0.08534349501133,0.057211652398109,-0.13568514585495,-0.15547408163548,0.053486213088036,-0.02382673881948,0.066314145922661,-0.038544267416,0.042027954012156,-0.042070630937815,-0.10052771121264,0.1086443811655,0.13188301026821,-0.070317327976227,0.051155544817448,-0.069287925958633,-0.067307412624359,-0.041081395000219,0.0045344443060458,0.021829118952155,0.17265082895756,-0.07878889888525,-0.17195452749729,0.044087883085012,0.051651507616043,-0.078642897307873,-0.14711001515388,-0.055094327777624,-0.033893425017595,-0.016839439049363,-0.05984016880393,-0.10311446338892,-0.048117663711309,-0.057831704616547,0.033162336796522,-0.031045431271195,0.027685724198818,0.010058243758976,0.086733065545559,0.094972476363182,0.037310797721148,0.061329960823059,0.059786457568407,-0.00073279743082821,0.042091131210327,-0.16297720372677,0.0045208591036499,0.013867847621441,0.018673563376069,-0.025432405993342,-0.10364285111427,0.089060813188553,0.0039885104633868,0.038721140474081,0.074961818754673,0.00053839822066948,0.064901910722256,-0.027777336537838,0.21217887103558,0.14943827688694,-0.085719883441925,0.10197576135397,-0.010167760774493
0.051481962203979,0.22330796718597,0.015240263193846,0.15355831384659,-0.058920972049236,0.083271391689777,0.0078166741877794,0.025390341877937,0.06038560718298,0.092723652720451,0.1842494904995,-0.043137885630131,0.038471102714539,-0.16930784285069,0.065708190202713,0.0060366173274815,0.050076816231012,0.11207199841738,-0.094586916267872,0.03835503757,0.04308082908392,-0.06449294090271,-0.011344507336617,0.11039730161428,0.073877170681953,-0.25122201442719,-0.075709946453571,-0.039387941360474,-0.018567686900496,0.079777434468269,0.043040625751019,-0.0049690012820065,0.017151111736894,0.13626162707806,-0.034296564757824,-0.013344907201827,0.069253854453564,-0.08018995821476,-0.03000126965344,0.056414853781462,-0.022418227046728,-0.12007444351912,0.031063163653016,-0.015334813855588,-0.00053966022096574,-0.15134683251381,0.063338063657284,0.00023234021500684,-0.038766011595726,0.13303019106388,0.17836153507233,0.016169032081962,-0.17793421447277,-0.0034076608717442,-0.058128256350756,0.041923183947802,-0.089332923293114,-0.16241586208344,0.061214808374643,0.019973246380687,-0.079387478530407,-0.10726954042912,-0.074057750403881,-0.22613576054573,0.01758585870266,-0.080751441419125,0.06270757317543,-0.13888618350029,-0.15437424182892,0.052698064595461,-0.021282091736794,0.068168923258781,-0.037200469523668,0.04189108684659,-0.035977598279715,-0.098355323076248,0.10373914241791,0.13073851168156,-0.066384859383106,0.055667161941528,-0.078371487557888,-0.071652263402939,-0.034238707274199,0.011454610154033,0.02251566760242,0.16967365145683,-0.075392581522465,-0.16703726351261,0.051048804074526,0.04702215641737,-0.086674563586712,-0.14786370098591,-0.043980579823256,-0.039550498127937,-0.02323742210865,-0.070260278880596,-0.1010881587863,-0.050301361829042,-0.057898372411728,0.03149725869298,-0.035960163921118,0.030530354008079,0.012876437976956,0.079702936112881,0.096423745155334,0.04017785564065,0.062984108924866,0.061536986380816,-0.0051905298605561,0.045555472373962,-0.16183824837208,-0.00012271868763492,0.010470829904079,0.017699176445603,-0.029171025380492,-0.10743219405413,0.091882906854153,0.0052171484567225,0.043866246938705,0.073557265102863,0.0031926610972732,0.061161164194345,-0.032369956374168,0.20946721732616,0.15356332063675,-0.086330063641071,0.10574536770582,-0.0014269029488787
0.057526350021362,0.22513000667095,0.0093658994883299,0.15149867534637,-0.06005248054862,0.085196621716022,0.0014201389858499,0.025626350194216,0.056451458483934,0.09540843218565,0.18923495709896,-0.04577412456274,0.03776964917779,-0.15793131291866,0.06848219037056,0.00014659581938758,0.061377801001072,0.11172639578581,-0.093054480850697,0.041804388165474,0.030302880331874,-0.064057633280754,-0.0046000936999917,0.11642164736986,0.074478946626186,-0.25295627117157,-0.060991134494543,-0.025009702891111,-0.01819003559649,0.071800589561462,0.041525557637215,-0.01051886472851,0.018026234582067,0.13703548908234,-0.044176280498505,-0.009191706776619,0.063540168106556,-0.076268121600151,-0.037890169769526,0.059777569025755,-0.028927544131875,-0.11626772582531,0.022366520017385,-0.014018955640495,-0.0055838180705905,-0.15100832283497,0.058383986353874,0.0085221352055669,-0.039097115397453,0.14330621063709,0.18259158730507,0.026022111997008,-0.18143405020237,-0.0085050379857421,-0.063134893774986,0.03967222198844,-0.094757318496704,-0.15457317233086,0.069909140467644,0.016610249876976,-0.086253553628922,-0.10434598475695,-0.068348109722137,-0.22751279175282,0.0090050455182791,-0.073406547307968,0.064135931432247,-0.13190369307995,-0.16062055528164,0.062425639480352,-0.020613446831703,0.066792711615562,-0.032818354666233,0.047394666820765,-0.03383120521903,-0.10483747720718,0.10749161988497,0.12562568485737,-0.064923599362373,0.052094046026468,-0.078874476253986,-0.074248477816582,-0.037045676261187,-0.001981943147257,0.026558130979538,0.16124264895916,-0.081116937100887,-0.16814394295216,0.059582121670246,0.050745811313391,-0.084689356386662,-0.14722463488579,-0.039643421769142,-0.038119114935398,-0.010366113856435,-0.072908237576485,-0.097709387540817,-0.052757810801268,-0.05856066942215,0.022424213588238,-0.038491789251566,0.036260161548853,0.015797225758433,0.078221790492535,0.086233988404274,0.044781100004911,0.058334644883871,0.051353015005589,-0.00021103234030306,0.038341090083122,-0.1488292068243,0.013909491710365,0.021121833473444,0.02817372046411,-0.029534194618464,-0.11532878875732,0.093604370951653,0.0037518145982176,0.052982069551945,0.074725769460201,0.0026759561151266,0.054111488163471,-0.032456319779158,0.21029342710972,0.15456531941891,-0.089531362056732,0.11008236557245,-0.0048027322627604
0.065839014947414,0.22645133733749,-0.0022399551235139,0.16284796595573,-0.044320616871119,0.076454356312752,0.022722665220499,0.011349895037711,0.059907682240009,0.086063772439957,0.18631459772587,-0.035636831074953,0.043362200260162,-0.16327792406082,0.057805232703686,0.016667824238539,0.062958486378193,0.10275068134069,-0.10278866440058,0.053475946187973,0.043680127710104,-0.069465793669224,-0.011865492910147,0.11193706840277,0.074317052960396,-0.25085499882698,-0.088764064013958,-0.038809716701508,-0.0062963268719614,0.096072852611542,0.03685949742794,0.031719394028187,0.010725878179073,0.13930611312389,-0.0478290989995,-0.015697967261076,0.067930065095425,-0.065772049129009,-0.023895647376776,0.053794831037521,-0.02075975574553,-0.11367392539978,0.033559326082468,-0.027201231569052,0.00069801387144253,-0.13763597607613,0.063109464943409,0.0028934956062585,-0.034372311085463,0.12936922907829,0.17572441697121,0.034326680004597,-0.17748111486435,-0.0076276995241642,-0.051154807209969,0.032679706811905,-0.089679688215256,-0.15078845620155,0.05807638913393,0.030369920656085,-0.086365535855293,-0.10637030750513,-0.065472580492496,-0.23282472789288,0.0095907049253583,-0.073920406401157,0.060269623994827,-0.13264061510563,-0.16088142991066,0.04408897086978,-0.021743619814515,0.0735954195261,-0.041453246027231,0.059445131570101,-0.032659042626619,-0.095240123569965,0.11563701182604,0.12350314855576,-0.074817605316639,0.062106270343065,-0.070649161934853,-0.068004406988621,-0.036937184631824,0.0045175300911069,0.02784389257431,0.16984543204308,-0.078385293483734,-0.17026264965534,0.044827535748482,0.042372580617666,-0.078291200101376,-0.1487113237381,-0.051328364759684,-0.03285650536418,-0.017434477806091,-0.071205787360668,-0.093543119728565,-0.054446954280138,-0.04888055101037,0.02316577732563,-0.035343863070011,0.027975592762232,0.015645319595933,0.10370355844498,0.075541436672211,0.043763216584921,0.05901238322258,0.078356198966503,0.010693540796638,0.042625147849321,-0.15799102187157,0.0098149562254548,-0.0015035930555314,0.022579554468393,-0.025081502273679,-0.1056801378727,0.087822623550892,0.0051349368877709,0.048609264194965,0.085719607770443,-0.0014127972535789,0.074677631258965,-0.028198968619108,0.21674670279026,0.14261195063591,-0.082324646413326,0.10069417208433,-0.011710441671312
0.069463737308979,0.21348711848259,-0.003387754317373,0.16860115528107,-0.042737558484077,0.073679588735104,0.025677043944597,0.0061874384991825,0.061195190995932,0.078107573091984,0.18725582957268,-0.03322559222579,0.045383661985397,-0.15420950949192,0.048769284039736,0.024649845436215,0.061103276908398,0.11242482811213,-0.10231024771929,0.052373081445694,0.061270456761122,-0.076588317751884,-0.0092009864747524,0.10972210019827,0.072932094335556,-0.25303694605827,-0.10060644894838,-0.049526263028383,-0.015540961176157,0.10547964274883,0.030860045924783,0.039504986256361,0.011022077873349,0.14118975400925,-0.045319929718971,-0.014274664223194,0.066883511841297,-0.066223651170731,-0.016852676868439,0.049221158027649,-0.026403689756989,-0.10839126259089,0.039017397910357,-0.037304397672415,0.0053325318731368,-0.14236423373222,0.063247971236706,-0.0083974441513419,-0.031175915151834,0.12652240693569,0.172911003232,0.025147752836347,-0.17234952747822,0.0041504302062094,-0.046487897634506,0.035260777920485,-0.07365345209837,-0.15270537137985,0.053997375071049,0.035442184656858,-0.075428374111652,-0.10041940957308,-0.068255171179771,-0.23571209609509,0.013420409522951,-0.074428625404835,0.054582100361586,-0.12860818207264,-0.15537486970425,0.045809749513865,-0.019318792968988,0.07368641346693,-0.045498248189688,0.052308242768049,-0.038066986948252,-0.088132776319981,0.11793661862612,0.1180327013135,-0.081905737519264,0.056075386703014,-0.075524888932705,-0.064072601497173,-0.038080621510744,0.005314180161804,0.01517775375396,0.18530559539795,-0.077733993530273,-0.17548173666,0.036271013319492,0.038536235690117,-0.075873471796513,-0.15363797545433,-0.050952970981598,-0.036024320870638,-0.019687986001372,-0.065590187907219,-0.10303169488907,-0.047035586088896,-0.046714220196009,0.033442422747612,-0.026962487027049,0.023558625951409,0.014795341528952,0.1076021566987,0.091290608048439,0.042448379099369,0.060278054326773,0.079716384410858,0.0003135736042168,0.041205547749996,-0.1741199195385,-0.0018875515088439,5.3277581173461e-05,0.014090600423515,-0.020584082230926,-0.092928297817707,0.093840286135674,0.0066489614546299,0.044649265706539,0.086386196315289,-0.0032393136061728,0.075593754649162,-0.026330882683396,0.21382203698158,0.13777869939804,-0.075476057827473,0.099498093128204,-0.0042883870191872
0.042329490184784,0.11988029628992,0.11264946311712,0.12830266356468,-0.059557758271694,0.11011972278357,0.0055458350107074,0.057467106729746,0.082464337348938,0.024941375479102,0.2031494230032,-0.01376211643219,0.039419736713171,-0.16141131520271,0.050719141960144,-0.0053196758963168,-0.011889941990376,0.17929032444954,-0.14403928816319,-0.022647006437182,0.15344204008579,-0.0072981053963304,-0.0067525897175074,0.12803892791271,0.058184780180454,-0.22698150575161,-0.085771895945072,-0.080772042274475,-0.047751124948263,0.060160677880049,0.053271755576134,-0.070560678839684,0.026354746893048,0.1581507474184,0.0088272606953979,-0.027651907876134,0.021026344969869,-0.086685493588448,-0.023928532376885,0.070524990558624,0.00046480886521749,-0.071010202169418,-0.0091710947453976,0.014551657252014,-0.019523799419403,-0.24927189946175,0.021855691447854,-0.058265380561352,-0.026122761890292,0.10068517178297,0.16321937739849,-0.052753034979105,-0.16681770980358,0.042052313685417,-0.069147765636444,0.069447070360184,-0.038527581840754,-0.13680951297283,0.010218287818134,0.013045413419604,-0.052971206605434,-0.10662578046322,-0.076542228460312,-0.15257601439953,0.025640634819865,-0.11095045506954,0.058385781943798,-0.11800669133663,-0.11101122945547,0.10287851840258,0.011778577230871,0.038441859185696,-0.013469821773469,-0.035292197018862,-0.064128175377846,-0.090619489550591,0.025813065469265,0.077917292714119,-0.07848384231329,0.048281688243151,-0.0886270403862,-0.028701294213533,0.03029459901154,0.02335986122489,-0.029034538194537,0.17780682444572,0.018921567127109,-0.15227256715298,-0.019798461347818,0.038587871938944,-0.063383594155312,-0.17955343425274,-0.052630443125963,-0.044089689850807,-0.068518355488777,-0.058303993195295,-0.17506185173988,-0.040009465068579,-0.079578429460526,0.10022950917482,0.00068724423181266,0.027328677475452,0.0038530831225216,0.052831884473562,0.19297289848328,0.0023964650463313,0.069439709186554,0.018726129084826,-0.034029167145491,-0.0045444401912391,-0.18379679322243,-0.045001294463873,-0.013418482616544,0.0043294369243085,0.013574306853116,-0.029738310724497,0.082646161317825,0.003411423182115,0.012821167707443,0.064171232283115,0.029619982466102,0.036092754453421,-0.076752908527851,0.15402700006962,0.16277068853378,-0.05463033169508,0.12056043744087,0.069352716207504
0.042604748159647,0.11979272216558,0.11464887857437,0.12540535628796,-0.051662884652615,0.10739652812481,0.011267847381532,0.059345982968807,0.083814881742001,0.020955020561814,0.20017905533314,-0.0088878553360701,0.03594957664609,-0.16564567387104,0.049085818231106,-0.0013732616789639,-0.014089131727815,0.1794371008873,-0.14681951701641,-0.022473398596048,0.15819820761681,-0.0029094947967678,-0.0076998779550195,0.12813580036163,0.059904102236032,-0.22932033240795,-0.084563836455345,-0.078244298696518,-0.040855597704649,0.064535647630692,0.050458520650864,-0.069968640804291,0.029577596113086,0.16068847477436,0.0097947316244245,-0.034818012267351,0.02215127274394,-0.089950352907181,-0.022072698920965,0.068224117159843,0.0043269423767924,-0.070285722613335,0.00024302874226123,0.015499505214393,-0.019672196358442,-0.24831685423851,0.021768959239125,-0.061500087380409,-0.02735092677176,0.10068833082914,0.1594725549221,-0.056146625429392,-0.16668726503849,0.041009034961462,-0.068116702139378,0.070937618613243,-0.039904192090034,-0.13266007602215,0.00073302717646584,0.018885342404246,-0.05356378108263,-0.10887227207422,-0.073731079697609,-0.14999993145466,0.027275798842311,-0.11098796874285,0.049195971339941,-0.12367831170559,-0.11666603386402,0.099949806928635,0.010226484388113,0.037512060254812,-0.016549462452531,-0.035102996975183,-0.063177615404129,-0.08643838763237,0.031021662056446,0.076661087572575,-0.07932785153389,0.044747412204742,-0.086770080029964,-0.026788530871272,0.033766403794289,0.03065269626677,-0.027272149920464,0.17802481353283,0.018312877044082,-0.14965051412582,-0.021960657089949,0.042634326964617,-0.058301471173763,-0.18230538070202,-0.062310870736837,-0.040962811559439,-0.064043954014778,-0.054238934069872,-0.17903645336628,-0.037920512259007,-0.078903339803219,0.10208933055401,0.0007329837535508,0.022507283836603,0.0030018906109035,0.055472526699305,0.19117604196072,0.003107369877398,0.071104541420937,0.021556409075856,-0.032709643244743,-0.008894270285964,-0.18151642382145,-0.047429986298084,-0.015091370791197,0.0079215010628104,0.015230820514262,-0.027836345136166,0.085335448384285,0.0088064670562744,0.013217748142779,0.070254072546959,0.03161682933569,0.039680987596512,-0.078828066587448,0.15204249322414,0.15877942740917,-0.052399180829525,0.120614990592,0.065194986760616
0.043129302561283,0.12344254553318,0.099994421005249,0.12301541864872,-0.056269869208336,0.11259051412344,-0.00057604949688539,0.054092783480883,0.081097967922688,0.03176024928689,0.20483562350273,-0.013675224035978,0.037290681153536,-0.16781142354012,0.041744366288185,0.0014128874754533,-0.018828134983778,0.18151354789734,-0.14425352215767,-0.022842461243272,0.15499353408813,-0.010706475004554,-0.0011326567037031,0.11445937305689,0.056870255619287,-0.22595174610615,-0.078222684562206,-0.081050641834736,-0.048751201480627,0.060905534774065,0.047091122716665,-0.073012962937355,0.023787256330252,0.15510722994804,0.010984497144818,-0.028191996738315,0.012505460530519,-0.093029171228409,-0.019863732159138,0.067741751670837,-0.01070233527571,-0.076053366065025,-0.013179896399379,0.020724134519696,-0.017474165186286,-0.24182333052158,0.019047880545259,-0.050713699311018,-0.032095830887556,0.10624624043703,0.16485245525837,-0.046498786658049,-0.17521941661835,0.036114547401667,-0.078673832118511,0.064917959272861,-0.038018811494112,-0.14110286533833,0.0057560093700886,0.018848467618227,-0.044434905052185,-0.1101229339838,-0.065480582416058,-0.1460357606411,0.029380654916167,-0.12238017469645,0.047072354704142,-0.10631018877029,-0.10676896572113,0.11161493510008,0.012669390998781,0.041834626346827,-0.014688713476062,-0.043119519948959,-0.076132707297802,-0.092364229261875,0.028529047966003,0.078379482030869,-0.08351419121027,0.048051383346319,-0.087110213935375,-0.033490642905235,0.02484792470932,0.026726854965091,-0.038879901170731,0.17586110532284,0.014373159967363,-0.15198321640491,-0.010068980976939,0.041476812213659,-0.065292231738567,-0.17814117670059,-0.061963424086571,-0.037907592952251,-0.064328253269196,-0.057458214461803,-0.17689849436283,-0.041646361351013,-0.081259116530418,0.098753772675991,0.0072962772101164,0.026456486433744,-0.0033086019102484,0.045581411570311,0.20109577476978,0.0010478012263775,0.068962797522545,0.022793922573328,-0.03488901630044,0.00013566832058132,-0.18134461343288,-0.043935731053352,-0.0081484243273735,0.0086676990613341,0.017613532021642,-0.029575498774648,0.080392673611641,0.011511934921145,0.01889350451529,0.06454623490572,0.025119859725237,0.035678621381521,-0.069822266697884,0.15496824681759,0.16788478195667,-0.057674031704664,0.12311883270741,0.066611595451832
0.10751878470182,0.075965784490108,0.064752534031868,0.11771047115326,-0.034886304289103,0.13400550186634,0.0017733562272042,0.063151404261589,0.045654010027647,0.022089462727308,0.1950945109129,-0.028763400390744,0.043008428066969,-0.13684248924255,0.068918235599995,0.0045850430615246,0.05292434245348,0.20500473678112,-0.099489845335484,-0.022763984277844,0.15702448785305,0.029601458460093,0.029303902760148,0.14242541790009,0.047398000955582,-0.24700005352497,-0.044590443372726,-0.099628210067749,-0.066823288798332,0.070694267749786,0.033810384571552,-0.092034682631493,0.024774508550763,0.16349744796753,0.034229516983032,-0.030211823061109,0.032423492521048,-0.10604354739189,-0.020233679562807,0.043191205710173,-0.054301124066114,-0.044473674148321,-0.018770219758153,0.02022011578083,-0.031347375363111,-0.22548221051693,0.0065167327411473,-0.030978007242084,-0.032005313783884,0.13511180877686,0.18274974822998,-0.078197583556175,-0.13574483990669,0.034958783537149,-0.09545011818409,0.05521234869957,-0.0073964297771454,-0.121587254107,0.026376981288195,0.024062629789114,-0.030181493610144,-0.084893830120564,-0.064328037202358,-0.19163800776005,0.028572604060173,-0.13512727618217,0.035670328885317,-0.094697237014771,-0.11770107597113,0.10676788538694,-0.0036941589787602,0.025199990719557,-0.037897732108831,-0.079978339374065,-0.12800171971321,-0.094716012477875,0.055700868368149,0.065037630498409,-0.068777702748775,0.044566679745913,-0.071842432022095,-0.040948264300823,-0.011111999861896,-0.019011249765754,-0.011949785985053,0.15536236763,-0.019130250439048,-0.18348263204098,-0.022782715037465,0.065855272114277,-0.032651510089636,-0.16228729486465,-0.078367725014687,-0.024931157007813,-0.0286186914891,-0.023416254669428,-0.1645572334528,-0.025879610329866,-0.096828244626522,0.10297767072916,0.038683772087097,0.045573197305202,-0.0010068177944049,0.028184324502945,0.18082010746002,-0.023362224921584,0.070218734443188,-0.042571105062962,-0.048298086971045,0.014619941823184,-0.15567541122437,-0.048781175166368,0.045806013047695,0.00031380032305606,0.016137862578034,-0.011102766729891,0.092537008225918,0.0028322692960501,-0.014294820837677,0.061538469046354,0.01611546240747,0.0078568030148745,-0.055601738393307,0.15283109247684,0.16313493251801,-0.075958706438541,0.12271150946617,0.035939611494541
0.049607865512371,0.11290921270847,0.10502900928259,0.11294791847467,-0.049545377492905,0.10904766619205,0.0027130180969834,0.071083463728428,0.083868205547333,0.024409981444478,0.20079539716244,-0.0097532235085964,0.035103723406792,-0.17345759272575,0.049191895872355,-0.008109669201076,-0.010563613846898,0.18207563459873,-0.14348590373993,-0.018484329804778,0.15150448679924,0.01222712174058,-0.0057987361215055,0.11891281604767,0.047559730708599,-0.22677408158779,-0.06768374890089,-0.07615701854229,-0.048619698733091,0.057241287082434,0.042565762996674,-0.088816620409489,0.034278206527233,0.16119453310966,0.016946839168668,-0.036317612975836,0.025674914941192,-0.098789557814598,-0.029100447893143,0.064169183373451,-0.0052568265236914,-0.068699203431606,-0.0086769377812743,0.029922772198915,-0.025314832106233,-0.24448898434639,0.013319930993021,-0.049434252083302,-0.026078755035996,0.11763532459736,0.15982355177402,-0.059988349676132,-0.17447979748249,0.039010394364595,-0.078174233436584,0.063198544085026,-0.046615000814199,-0.14478392899036,-0.0014027521247044,0.020394343882799,-0.045009169727564,-0.11546832323074,-0.07036604732275,-0.14186024665833,0.023346131667495,-0.13284595310688,0.047472443431616,-0.11657433211803,-0.10595070570707,0.10025009512901,0.011052971705794,0.027477066963911,-0.011258086189628,-0.047211270779371,-0.081794664263725,-0.090802565217018,0.028881952166557,0.080728836357594,-0.074864529073238,0.043442398309708,-0.081366509199142,-0.029713314026594,0.025900369510055,0.031908951699734,-0.018387774005532,0.16921661794186,0.015851598232985,-0.14690248668194,-0.008315859362483,0.05347279086709,-0.056683670729399,-0.17766891419888,-0.072130940854549,-0.03647793084383,-0.061663836240768,-0.055377382785082,-0.17768330872059,-0.046207182109356,-0.09005106985569,0.097612746059895,0.005987165030092,0.028553511947393,0.002272377954796,0.033874724060297,0.1919173002243,-0.0058977715671062,0.072473637759686,0.010016326792538,-0.038457326591015,0.0048905988223851,-0.16815127432346,-0.051143016666174,-0.0052513433620334,0.012594946660101,0.0092006418853998,-0.033130563795567,0.088303714990616,0.0049193110316992,0.0086689963936806,0.059234891086817,0.028541842475533,0.039418116211891,-0.071577936410904,0.15730586647987,0.1700874119997,-0.070753999054432,0.12750799953938,0.060410622507334
0.040809132158756,0.11871315538883,0.1078053638339,0.11566488444805,-0.056378182023764,0.10284071415663,0.0036247754469514,0.065322630107403,0.092555209994316,0.024264343082905,0.20473378896713,-0.014907059259713,0.035893641412258,-0.16912873089314,0.050453014671803,-0.015605052001774,-0.019136579707265,0.17835055291653,-0.1479879617691,-0.017791597172618,0.14465920627117,0.0037856772542,-0.01112743653357,0.11895827949047,0.050499778240919,-0.22818747162819,-0.0737045109272,-0.070590689778328,-0.049617312848568,0.054606135934591,0.048500891774893,-0.087883844971657,0.031605839729309,0.15929961204529,0.013949141837656,-0.029959080740809,0.024345520883799,-0.095794983208179,-0.030737709254026,0.068762615323067,0.0019435292342678,-0.072709299623966,-0.011406541801989,0.029430406168103,-0.023669939488173,-0.24788600206375,0.011139035224915,-0.04580058529973,-0.019432350993156,0.11360557377338,0.15052175521851,-0.055867072194815,-0.17589515447617,0.039045229554176,-0.076912403106689,0.06543380022049,-0.05438831821084,-0.14494232833385,0.00063521030824631,0.019006391987205,-0.050152562558651,-0.11424866318703,-0.071670159697533,-0.13655704259872,0.017086969688535,-0.12321551889181,0.056930255144835,-0.1200727969408,-0.1028510928154,0.098117366433144,0.013259759172797,0.028931107372046,-0.0047847735695541,-0.038727626204491,-0.072281442582607,-0.095675215125084,0.023711659014225,0.078737080097198,-0.075691789388657,0.044504545629025,-0.08253525197506,-0.029484990984201,0.025709772482514,0.031474981456995,-0.022676143795252,0.17503671348095,0.017340151593089,-0.14706848561764,-0.0075379991903901,0.048038847744465,-0.055650908499956,-0.1789842993021,-0.058385416865349,-0.046972811222076,-0.067351542413235,-0.064454674720764,-0.1819823384285,-0.05079847574234,-0.084062792360783,0.094563387334347,0.00052223121747375,0.026784520596266,0.0063461763784289,0.033654563128948,0.19413939118385,-0.00044877242180519,0.072654627263546,0.017247261479497,-0.03613343462348,0.0077469605021179,-0.16961486637592,-0.049931846559048,-0.012129619717598,0.014073654077947,0.0026902912650257,-0.035506714135408,0.090612158179283,0.0053306799381971,0.013906105421484,0.055922597646713,0.030026691034436,0.040013119578362,-0.078015021979809,0.16335795819759,0.16416427493095,-0.070593424141407,0.12245488911867,0.066561259329319
0.046706318855286,0.11999380588531,0.11005225777626,0.12443306297064,-0.05888570100069,0.10468975454569,0.0067478367127478,0.062228634953499,0.08746974170208,0.029197240248322,0.20651805400848,-0.018440689891577,0.041157077997923,-0.16254490613937,0.057676024734974,-0.0065871616825461,-0.0055873170495033,0.17773330211639,-0.14653015136719,-0.016905263066292,0.14431177079678,-0.00017872733587865,-0.0081530530005693,0.13068602979183,0.052193086594343,-0.22873111069202,-0.080667890608311,-0.07491696625948,-0.045135986059904,0.056437119841576,0.050871070474386,-0.071048088371754,0.029176341369748,0.16341978311539,0.0075091179460287,-0.02763651125133,0.028821496292949,-0.085298016667366,-0.027879135683179,0.071195565164089,-0.00036942635779269,-0.073031529784203,-0.011806519702077,0.014827035367489,-0.019318176433444,-0.24746255576611,0.014995772391558,-0.047843061387539,-0.021276097744703,0.10840850323439,0.15992745757103,-0.053280889987946,-0.17103953659534,0.03997889906168,-0.072720907628536,0.066379025578499,-0.045209728181362,-0.14252085983753,0.01016575563699,0.017936943098903,-0.055975396186113,-0.11099511384964,-0.079226650297642,-0.15186506509781,0.018237864598632,-0.11193236708641,0.060337606817484,-0.11968778073788,-0.11019027978182,0.096790686249733,0.0075210905633867,0.03277526050806,-0.012476309202611,-0.030688913539052,-0.065541192889214,-0.097748525440693,0.030957764014602,0.081762567162514,-0.075859539210796,0.04581831023097,-0.081817910075188,-0.030617460608482,0.024145191535354,0.020245168358088,-0.019855640828609,0.17682445049286,0.014586413279176,-0.1530439555645,-0.014218983240426,0.045090772211552,-0.057520646601915,-0.17722810804844,-0.054058264940977,-0.0443453527987,-0.065816797316074,-0.05702967196703,-0.17681266367435,-0.046884562820196,-0.079513557255268,0.095640994608402,0.0017861019587144,0.025919549167156,0.0051254532299936,0.048745211213827,0.19108231365681,-0.0004333175602369,0.070545174181461,0.013071374036372,-0.029448244720697,0.00068494933657348,-0.17904204130173,-0.040803745388985,-0.0099584069103003,0.0082659069448709,0.0086124334484339,-0.035039264708757,0.087938278913498,0.0017429505242035,0.0096514234319329,0.060454729944468,0.030109433457255,0.039294932037592,-0.07480875402689,0.16537801921368,0.16101229190826,-0.064227797091007,0.11957005411386,0.063464067876339
0.044067438691854,0.12328650802374,0.10746485739946,0.12345305085182,-0.052260931581259,0.10886830836535,0.0050031533464789,0.058164536952972,0.084599867463112,0.02605826407671,0.20150972902775,-0.010847906582057,0.034608826041222,-0.1702876240015,0.045050889253616,-0.0022612188477069,-0.013417339883745,0.18366128206253,-0.14207150042057,-0.023467311635613,0.15977086126804,-0.00182547676377,-0.0095582138746977,0.11901112645864,0.06103627383709,-0.2252239882946,-0.080178894102573,-0.078645154833794,-0.041757188737392,0.066771537065506,0.04864689335227,-0.072137609124184,0.03054085187614,0.15788984298706,0.016793444752693,-0.036396194249392,0.023593531921506,-0.092846512794495,-0.016060998663306,0.06015483289957,-0.0021570336539298,-0.07216688990593,-0.00021556710998993,0.021972665563226,-0.019239511340857,-0.24845090508461,0.0217594075948,-0.057155795395374,-0.02826926484704,0.10062532126904,0.16229036450386,-0.049216311424971,-0.16782581806183,0.040309395641088,-0.071054100990295,0.067562431097031,-0.0403649546206,-0.14272400736809,-0.00029355415608734,0.012190980836749,-0.047840103507042,-0.1163996681571,-0.069265805184841,-0.14637577533722,0.025772573426366,-0.11731964349747,0.048907026648521,-0.11887095123529,-0.10982421040535,0.10165034234524,0.010846961289644,0.035194307565689,-0.01722944714129,-0.043036259710789,-0.073431327939034,-0.090633898973465,0.029242197051644,0.078411839902401,-0.079974159598351,0.046692725270987,-0.086822137236595,-0.023232171311975,0.03230482712388,0.032376259565353,-0.022788323462009,0.17253476381302,0.015141006559134,-0.14657233655453,-0.0097463289275765,0.044924981892109,-0.061824113130569,-0.17982012033463,-0.066750012338161,-0.037697594612837,-0.064637906849384,-0.059597495943308,-0.17697384953499,-0.037523914128542,-0.083235628902912,0.097180686891079,0.0046344217844307,0.02706509642303,0.0033815011847764,0.048948712646961,0.19242569804192,0.0010225750738755,0.07474360615015,0.020060066133738,-0.031778708100319,-0.0016983631066978,-0.17898567020893,-0.05081844329834,-0.017422081902623,0.010158743709326,0.017664134502411,-0.032961748540401,0.083563141524792,0.0043883319012821,0.015211970545352,0.06195380911231,0.031690023839474,0.041269049048424,-0.070877321064472,0.15120185911655,0.16606396436691,-0.059677992016077,0.12953712046146,0.065435327589512
0.047438699752092,0.10641615837812,0.10008542984724,0.11147516965866,-0.052453335374594,0.10366100817919,0.00064598198514432,0.074346393346786,0.088820822536945,0.018236130475998,0.20442287623882,-0.0075029986910522,0.034713856875896,-0.17017501592636,0.043143197894096,-0.017063485458493,-0.015316645614803,0.17859436571598,-0.14636258780956,-0.012613603845239,0.14504189789295,0.0069952462799847,-0.0054452461190522,0.11550685018301,0.042865630239248,-0.22724223136902,-0.063249669969082,-0.072116762399673,-0.057511031627655,0.049857791513205,0.039679322391748,-0.096099108457565,0.037742882966995,0.15949355065823,0.0086332140490413,-0.031590189784765,0.019943296909332,-0.10055213421583,-0.039707060903311,0.068230025470257,-0.00041980348760262,-0.069113284349442,-0.015600567683578,0.034490410238504,-0.029986221343279,-0.24363219738007,0.008083688095212,-0.049358148127794,-0.021959094330668,0.12312325835228,0.14980770647526,-0.060132008045912,-0.17865358293056,0.040652818977833,-0.079866193234921,0.062662571668625,-0.052685365080833,-0.14612072706223,-0.0013371362583712,0.025114288553596,-0.044969916343689,-0.11319214850664,-0.069087594747543,-0.13241571187973,0.01736775226891,-0.13520339131355,0.049948900938034,-0.11391816288233,-0.098583690822124,0.10124790668488,0.014771023765206,0.022397100925446,-0.0039300289936364,-0.045671783387661,-0.077479332685471,-0.088683925569057,0.0248390622437,0.079244457185268,-0.078216850757599,0.04205285385251,-0.087848491966724,-0.033160597085953,0.023863861337304,0.031258534640074,-0.02346907556057,0.17821663618088,0.020069921389222,-0.14682225883007,-0.0096282670274377,0.050119418650866,-0.05476314201951,-0.17990596592426,-0.067409850656986,-0.043555025011301,-0.062765151262283,-0.061110649257898,-0.18048296868801,-0.053376447409391,-0.088890038430691,0.094653561711311,0.0014844549586996,0.027678497135639,0.0067859687842429,0.027421047911048,0.19433356821537,-0.0039311456494033,0.070037685334682,0.016804177314043,-0.045533444732428,0.004391313996166,-0.16589246690273,-0.05294007435441,-0.0035965025890619,0.012782913632691,0.002204654738307,-0.034350194036961,0.091178402304649,0.002552613383159,0.01658171787858,0.05890030413866,0.025885621085763,0.038138765841722,-0.078672312200069,0.16228733956814,0.1700846105814,-0.074224643409252,0.12506526708603,0.066318109631538
0.03695422783494,0.13995730876923,0.11760763823986,0.13290128111839,-0.062886342406273,0.11325048655272,0.0023039411753416,0.040990497916937,0.084229044616222,0.029274098575115,0.19943258166313,-0.023588296025991,0.026872409507632,-0.1556394547224,0.063751183450222,-0.01030988059938,-0.0083321230486035,0.1827829182148,-0.13172206282616,-0.034474346786737,0.13883450627327,-0.0012554968707263,-0.010208974592388,0.13411834836006,0.07246820628643,-0.23264312744141,-0.082470625638962,-0.067454643547535,-0.042755756527185,0.06298690289259,0.062870040535927,-0.071891978383064,0.022441826760769,0.15747660398483,0.017239255830646,-0.025093188509345,0.033806458115578,-0.09360484033823,-0.014722908847034,0.073402114212513,0.0021548480726779,-0.070348657667637,0.0046252990141511,0.008391322568059,-0.016781590878963,-0.25187757611275,0.028980031609535,-0.053044699132442,-0.021566227078438,0.10140997171402,0.16986417770386,-0.047409545630217,-0.15962265431881,0.04001148045063,-0.068270154297352,0.074212700128555,-0.040446601808071,-0.13324962556362,0.016146261245012,0.0060792369768023,-0.060413751751184,-0.10169293731451,-0.077611058950424,-0.16615298390388,0.024950724095106,-0.093668721616268,0.067382946610451,-0.13422712683678,-0.12224067747593,0.11151508241892,0.0070708533748984,0.045538671314716,-0.011899928562343,-0.021609947085381,-0.057501751929522,-0.10221485793591,0.029533891007304,0.07498224824667,-0.077482618391514,0.039060354232788,-0.08047167211771,-0.015510357916355,0.03172954171896,0.020540803670883,-0.019613221287727,0.16828607022762,0.0029924353584647,-0.15671142935753,-0.016688315197825,0.044815897941589,-0.061882093548775,-0.17689344286919,-0.040717158466578,-0.052570268511772,-0.058364860713482,-0.061615478247404,-0.17431823909283,-0.032884832471609,-0.074937529861927,0.098418660461903,-0.0068894391879439,0.028126295655966,0.0092405900359154,0.054162785410881,0.18630142509937,0.0082429209724069,0.074209176003933,0.0063884174451232,-0.033189207315445,0.0045928028412163,-0.17550411820412,-0.041843399405479,-0.0061682015657425,0.010822513140738,0.0066772303543985,-0.042619895190001,0.091483220458031,0.00646599708125,0.015363019891083,0.055691219866276,0.041211385279894,0.035465072840452,-0.072253905236721,0.14880426228046,0.15726101398468,-0.055836349725723,0.12211287766695,0.06576120108366
0.037563804537058,0.13294567167759,0.11650591343641,0.13059262931347,-0.056235127151012,0.1164216697216,0.00088301504729316,0.047712795436382,0.067281790077686,0.041653342545033,0.19951456785202,-0.0201456528157,0.031539168208838,-0.16433487832546,0.060944378376007,-0.001316528650932,-0.017572097480297,0.18918579816818,-0.13278762996197,-0.03204257786274,0.14783237874508,-0.0084840599447489,-0.0071509727276862,0.11512834578753,0.071053571999073,-0.22132742404938,-0.089424699544907,-0.073627255856991,-0.041803415864706,0.059244632720947,0.054295729845762,-0.063286870718002,0.013024881482124,0.15421046316624,0.019302172586322,-0.027713654562831,0.019072249531746,-0.099975176155567,-0.0063886824063957,0.065801478922367,-0.00023203936871141,-0.074702121317387,0.0021721222437918,0.017610009759665,-0.022275755181909,-0.2522794008255,0.030925020575523,-0.051721561700106,-0.029001349583268,0.098463974893093,0.17654654383659,-0.047122731804848,-0.17613840103149,0.039210751652718,-0.071447171270847,0.065924793481827,-0.036706428974867,-0.14113289117813,0.016933407634497,0.0087668299674988,-0.049441888928413,-0.10751006752253,-0.075794942677021,-0.15163432061672,0.030187437310815,-0.1013645157218,0.056428756564856,-0.12336457520723,-0.11077159643173,0.11503916233778,0.0098215891048312,0.056659463793039,-0.0063547352328897,-0.025336047634482,-0.072808459401131,-0.1065636202693,0.025637349113822,0.07715080678463,-0.07734277844429,0.041651502251625,-0.077326290309429,-0.021758887916803,0.033291067928076,0.023951532319188,-0.028566753491759,0.16477029025555,0.011049309745431,-0.14736939966679,-0.0058032474480569,0.041654825210571,-0.064454771578312,-0.16696764528751,-0.056449364870787,-0.047811958938837,-0.066690050065517,-0.062582023441792,-0.17175191640854,-0.028527064248919,-0.08416797965765,0.09768920391798,-0.0044827647507191,0.02983103133738,0.0096219442784786,0.048778232187033,0.19666850566864,0.0078357271850109,0.07269973307848,0.019520692527294,-0.023265674710274,0.0055284681729972,-0.18146689236164,-0.040874611586332,-0.012473099865019,0.0097318990156054,0.017743989825249,-0.045920010656118,0.093022100627422,0.0066969413310289,0.016419135034084,0.052911810576916,0.037816599011421,0.034770466387272,-0.062142718583345,0.14736114442348,0.16144794225693,-0.060426149517298,0.12925364077091,0.070895202457905
0.10062542557716,0.12795285880566,-0.0652249827981,0.13750365376472,-0.0097777266055346,0.057896159589291,0.0056063584052026,0.012126143090427,0.018234072253108,0.069048531353474,0.17767651379108,0.025984156876802,0.089366607367992,-0.18441185355186,-0.029961455613375,0.02637355029583,0.0070439418777823,0.11851373314857,-0.13753251731396,0.15184757113457,0.055744469165802,-0.053482744842768,0.052543003112078,0.018481865525246,-0.028409462422132,-0.14014038443565,-0.11071839183569,-0.09755003452301,-0.044204644858837,0.085733495652676,-0.042541090399027,0.11560264229774,0.008662099018693,0.12232410907745,-0.060966491699219,-0.034190911799669,0.026269104331732,0.0052786441519856,-0.0042105158790946,0.040443990379572,-0.045402072370052,-0.10577312856913,-0.024602346122265,0.013148693367839,-0.087259285151958,-0.15944957733154,0.063044272363186,0.0051081366837025,-0.0012240763753653,0.20134319365025,0.16588705778122,0.044245384633541,-0.21496650576591,0.064282774925232,-0.042297635227442,-0.058525372296572,0.00041169280302711,-0.20241282880306,0.048316668719053,0.029001986607909,-0.058413356542587,-0.1256051659584,-0.020511081442237,-0.14016439020634,-0.029780941084027,-0.17431183159351,0.058623891323805,-0.073334872722626,-0.056141939014196,0.026171175763011,-0.013974722474813,0.057405911386013,0.016190072521567,0.11886467784643,-0.085343338549137,-0.11727683246136,0.057401321828365,0.069208540022373,-0.085742972791195,0.094015635550022,-0.018005946651101,-0.062196131795645,-0.037002928555012,0.01638594828546,0.032741915434599,0.17826233804226,-0.031402137130499,-0.11230024695396,0.085580363869667,0.0018072987440974,-0.058742001652718,-0.11932323127985,-0.095181711018085,-0.019593834877014,-0.061156310141087,-0.11648228019476,-0.09124980866909,-0.0077916067093611,-0.07491859048605,-0.011389489285648,-0.0090342620387673,0.039697449654341,0.046243995428085,0.11950101703405,0.11961835622787,0.004652654286474,0.051109481602907,0.15966269373894,0.058715987950563,0.073542512953281,-0.16475231945515,0.035602785646915,-0.028741428628564,0.03765057399869,-0.044437225908041,-0.093899637460709,0.11497510224581,-0.040959510952234,0.053595963865519,0.056774914264679,-0.0067124455235898,0.096031107008457,0.037888292223215,0.18716706335545,0.11393639445305,-0.1362464427948,0.12064104527235,0.051733288913965
0.076371699571609,0.16059958934784,-0.093742154538631,0.14351923763752,0.0026180823333561,0.017471989616752,0.020527310669422,0.0035286680795252,0.023143885657191,0.079958587884903,0.16027249395847,0.010034930892289,0.087033562362194,-0.13054870069027,-0.087147042155266,0.031388908624649,0.078767590224743,0.16942524909973,-0.11672051995993,0.11827510595322,0.10726075619459,-0.15401422977448,0.049418959766626,0.017853347584605,0.021491641178727,-0.21155527234077,-0.130186393857,-0.07049161195755,-0.035612594336271,0.11767648160458,-0.034612096846104,0.07063964754343,0.025176199153066,0.071353584527969,-0.066041171550751,-0.059614956378937,-0.0090936804190278,-0.0088237952440977,-0.013068583793938,0.0024409417528659,-0.087470605969429,-0.0562998726964,0.017952296882868,-0.0034928766544908,-0.04397577047348,-0.13639552891254,0.051768001168966,-0.02912706695497,-0.017169581726193,0.13741461932659,0.15628395974636,0.049419097602367,-0.19732470810413,0.021596370264888,-0.082458786666393,-0.020893599838018,0.021040577441454,-0.17625230550766,0.066350378096104,0.029263278469443,-0.0073575340211391,-0.092181116342545,-0.037566151469946,-0.15431347489357,-0.00066191639052704,-0.17195330560207,-0.0015111097600311,-0.057364281266928,-0.095018945634365,0.03042165748775,0.029649205505848,0.064298547804356,-0.013254984281957,0.031506482511759,-0.11616060137749,-0.041168574243784,0.083913370966911,0.093827031552792,-0.099090084433556,0.031934980303049,-0.13433063030243,-0.061218019574881,-0.047379482537508,0.052108582109213,-0.0073953997343779,0.20495508611202,-0.066068112850189,-0.13143885135651,0.088489875197411,-0.047739021480083,-0.12055661529303,-0.12473080307245,-0.063887022435665,-0.052579570561647,0.011636938899755,-0.1212377473712,-0.095906972885132,0.019071852788329,-0.10905700176954,0.013087262399495,-0.0030160383321345,0.037823054939508,0.045457229018211,0.14234587550163,0.12239769846201,0.013665702193975,0.055880576372147,0.15316632390022,0.044736132025719,0.039646346122026,-0.20171101391315,-0.027334380894899,-0.0098647754639387,0.045179128646851,-0.03422848507762,-0.065465323626995,0.085742503404617,-0.0074425656348467,0.062263980507851,0.081888236105442,-0.080578982830048,0.09672112762928,-0.036301396787167,0.16660185158253,0.10210293531418,-0.10065325349569,0.05986075848341,0.030859721824527
0.046739496290684,0.17499154806137,-0.07010692358017,0.10883057117462,-0.0060028731822968,0.022927053272724,0.016240268945694,0.052244562655687,0.03380511701107,0.10807228833437,0.16125836968422,-0.0019817752763629,0.087743848562241,-0.13183207809925,-0.032734464854002,0.02553054317832,0.098649814724922,0.17183892428875,-0.12313122302294,0.086833283305168,0.076265156269073,-0.12449449300766,0.035594593733549,0.067333355545998,0.017470352351665,-0.23674859106541,-0.088912032544613,-0.0505406036973,-0.025111077353358,0.086176596581936,-0.021074138581753,0.028553705662489,0.05113598331809,0.097379334270954,-0.087886482477188,-0.053921423852444,0.018951922655106,-0.049200557172298,-0.053601991385221,0.049040012061596,-0.050513170659542,-0.070664428174496,0.034993197768927,0.0050759785808623,-0.040288913995028,-0.14332343637943,0.054533798247576,-0.023665828630328,-0.029292326420546,0.13631725311279,0.16335155069828,-0.0089014433324337,-0.21306376159191,0.0063624978065491,-0.10181542485952,0.027574181556702,-0.0094692530110478,-0.16544234752655,0.082320481538773,0.045967999845743,-0.031108416616917,-0.084620773792267,-0.077846877276897,-0.16605684161186,-0.0035197560209781,-0.15584917366505,-0.0055583324283361,-0.082825608551502,-0.11296679079533,0.025442918762565,0.0089736599475145,0.046217769384384,-0.021051095798612,0.013149274513125,-0.0735844373703,-0.030063988640904,0.084705352783203,0.13681729137897,-0.093702606856823,-0.016784269362688,-0.1401142179966,-0.059428591281176,-0.04167590290308,0.063699349761009,-0.011890665628016,0.23200245201588,-0.052518855780363,-0.15102925896645,0.067221269011497,-0.022760514169931,-0.12884777784348,-0.13919714093208,-0.06781992316246,-0.070734553039074,0.025901595130563,-0.079750038683414,-0.12377147376537,0.0027885639574379,-0.11133253574371,0.030828898772597,-0.023120516911149,0.012606023810804,0.050010345876217,0.13834445178509,0.11294840276241,0.0058855819515884,0.022407440468669,0.11493225395679,-0.0040249824523926,0.015966396778822,-0.19330871105194,-0.023276889696717,0.024002209305763,0.031917985528708,-0.060266621410847,-0.083203107118607,0.08610674738884,-0.013856414705515,0.05354405194521,0.090624794363976,-0.050906743854284,0.078037954866886,-0.067595064640045,0.18944410979748,0.089067406952381,-0.10481848567724,0.015361425466835,0.014294247142971
0.0450354591012,0.16815541684628,-0.075512580573559,0.10400904715061,-0.0064188023097813,0.023726232349873,0.0097540225833654,0.052927035838366,0.040584892034531,0.10584560781717,0.15899190306664,-0.0037161069922149,0.090319648385048,-0.13474597036839,-0.037565175443888,0.036173909902573,0.092109002172947,0.16880743205547,-0.12612597644329,0.088278867304325,0.083019405603409,-0.12671902775764,0.047711446881294,0.062883339822292,0.010507456958294,-0.23596352338791,-0.085993349552155,-0.062780074775219,-0.028535224497318,0.083519831299782,-0.018162777647376,0.02891063503921,0.056821953505278,0.095388516783714,-0.0859280154109,-0.05049217492342,0.020252263173461,-0.041282784193754,-0.053843442350626,0.048338104039431,-0.057776425033808,-0.074395433068275,0.028284085914493,0.0022140187211335,-0.037720259279013,-0.13808362185955,0.052899975329638,-0.022391144186258,-0.030360585078597,0.13822595775127,0.15594670176506,-0.011615569703281,-0.2064933180809,0.0088500715792179,-0.10350713133812,0.02531867288053,0.0041323495097458,-0.17195063829422,0.077464729547501,0.04566103965044,-0.030144054442644,-0.084429107606411,-0.075797587633133,-0.16588820517063,0.0010742793092504,-0.16324983537197,-0.011321607977152,-0.070641674101353,-0.10607467591763,0.024944255128503,0.0064873388037086,0.043183278292418,-0.030397217720747,0.0043883468024433,-0.072413757443428,-0.026199685409665,0.08287101238966,0.13923035562038,-0.096466913819313,-0.011922331526875,-0.13955135643482,-0.064368173480034,-0.047533575445414,0.065858632326126,-0.019308634102345,0.24061769247055,-0.053114544600248,-0.1487203836441,0.062469039112329,-0.025405501946807,-0.12811043858528,-0.13907730579376,-0.070822685956955,-0.065455727279186,0.025112425908446,-0.073180682957172,-0.12890167534351,0.0085222413763404,-0.11058697849512,0.033335082232952,-0.013143043965101,0.0030286686960608,0.040208861231804,0.13613709807396,0.12604501843452,0.0010397243313491,0.021979037672281,0.11449282616377,-0.0040419450961053,0.015609280206263,-0.20501753687859,-0.022290660068393,0.029263772070408,0.027155561372638,-0.056233324110508,-0.071230962872505,0.079963147640228,-0.011056341230869,0.051808405667543,0.096975669264793,-0.0526680983603,0.078593075275421,-0.064792275428772,0.19002869725227,0.086571842432022,-0.10257406532764,0.012025155127048,0.018143488094211
0.041947681456804,0.15491318702698,-0.049156688153744,0.098314255475998,-0.013654404319823,0.024880662560463,0.0079889819025993,0.075640998780727,0.027291025966406,0.10740908235312,0.15915793180466,0.0037201037630439,0.08647346496582,-0.14510136842728,-0.027112517505884,0.029398312792182,0.085629485547543,0.15778747200966,-0.13399423658848,0.098121926188469,0.059042524546385,-0.11947301030159,0.043943926692009,0.068912081420422,-0.0018226393731311,-0.23156934976578,-0.076125264167786,-0.045392092317343,-0.033989313989878,0.051544144749641,-0.017343441024423,0.0053301029838622,0.051051251590252,0.097516223788261,-0.099610336124897,-0.047121401876211,0.0040311743505299,-0.05214100331068,-0.070157691836357,0.06704219430685,-0.053061511367559,-0.078128710389137,0.016480695456266,0.0038190600462258,-0.035796441137791,-0.14745780825615,0.042646769434214,-0.024677280336618,-0.037458818405867,0.15743654966354,0.15714061260223,-0.028652099892497,-0.22458931803703,0.0031552887521684,-0.11478784680367,0.023873275145888,-0.021368796005845,-0.15943659842014,0.07873522490263,0.064129434525967,-0.033440992236137,-0.07579579949379,-0.08303339779377,-0.15843835473061,0.0015405403682962,-0.16477623581886,-0.010896750725806,-0.083014592528343,-0.12438675761223,0.021383868530393,0.010008363984525,0.042800161987543,-0.015512767247856,0.022707952186465,-0.069332160055637,-0.030535358935595,0.087532788515091,0.13762126863003,-0.08312701433897,-0.011010548099875,-0.1373947262764,-0.091711223125458,-0.043295636773109,0.063742853701115,-0.024992363527417,0.23350305855274,-0.046056993305683,-0.14604377746582,0.061964191496372,-0.020443739369512,-0.12973108887672,-0.13430713117123,-0.06760922819376,-0.052639797329903,0.028373528271914,-0.058776881545782,-0.1214272454381,-0.011910170316696,-0.12281943112612,0.039501313120127,-0.034115497022867,0.0038812621496618,0.024684000760317,0.12300337851048,0.13117928802967,0.010504613630474,0.025203423574567,0.10564392060041,-0.0052973972633481,0.0057410611771047,-0.19998705387115,-0.013656744733453,0.046316388994455,0.03554505854845,-0.060702677816153,-0.080750785768032,0.086934953927994,0.005908262450248,0.050466060638428,0.1000195145607,-0.061319749802351,0.063827931880951,-0.072218865156174,0.18874044716358,0.099452689290047,-0.10414506494999,0.010990690439939,0.010858608409762
0.097220554947853,0.14159159362316,-0.10362255573273,0.15488101541996,0.012356236577034,0.0066863908432424,0.043626088649035,0.014110341668129,0.017283476889133,0.059474486857653,0.15898096561432,0.0067672412842512,0.09853234142065,-0.12064967304468,-0.10322074592113,0.041506949812174,0.081846505403519,0.14808647334576,-0.12726420164108,0.14639623463154,0.13633540272713,-0.18644306063652,0.046201568096876,0.036163415759802,0.037362895905972,-0.21207588911057,-0.14625588059425,-0.07040773332119,-0.0056209112517536,0.12508744001389,-0.033937465399504,0.094512186944485,0.010659037157893,0.068027429282665,-0.091969408094883,-0.06482095271349,-0.036735162138939,0.010047653689981,-0.011760481633246,-0.024944504722953,-0.080440387129784,-0.057973250746727,0.022401118651032,0.0016731233336031,-0.036207500845194,-0.14052683115005,0.045700967311859,-0.027309689670801,-0.010273072868586,0.12179066240788,0.13073122501373,0.068956509232521,-0.1819684356451,0.015412657521665,-0.058305002748966,-0.03445802256465,0.020399942994118,-0.1518529355526,0.073274031281471,0.0083413049578667,-0.014860052615404,-0.084969386458397,-0.022820455953479,-0.13362734019756,-0.035655736923218,-0.13844054937363,-0.0072253672406077,-0.061760563403368,-0.09487334638834,0.0020645945332944,0.022337762638927,0.070716798305511,-0.021197589114308,0.042841956019402,-0.1001743376255,-0.04294591024518,0.09930507093668,0.087897151708603,-0.090205229818821,0.064159609377384,-0.12764497101307,-0.074235856533051,-0.03855486959219,0.032760124653578,0.00553611619398,0.21179719269276,-0.06548111140728,-0.11176905781031,0.094789989292622,-0.061736181378365,-0.095378860831261,-0.11850758641958,-0.078449331223965,-0.044938061386347,0.0044195121154189,-0.1285899579525,-0.088297925889492,0.031071277335286,-0.098355628550053,-0.0091755436733365,0.0073268618434668,0.032437551766634,0.058080103248358,0.16427636146545,0.087971165776253,0.032793950289488,0.053493786603212,0.18448734283447,0.086866267025471,0.0076972809620202,-0.19597154855728,-0.0040538618341088,-0.040646389126778,0.045153357088566,-0.011248403228819,-0.046297464519739,0.0846296697855,-0.0034938189201057,0.07066885381937,0.10366416722536,-0.097413077950478,0.096798971295357,-0.040328040719032,0.16403563320637,0.062480971217155,-0.081479460000992,0.060890726745129,0.033088948577642
0.041642241179943,0.1552045494318,-0.05821980163455,0.092655174434185,-0.0088998805731535,0.034116767346859,-0.0017375400057063,0.067889295518398,0.033985964953899,0.11222007870674,0.16242870688438,0.0021343822591007,0.085693217813969,-0.14116291701794,-0.02491475827992,0.034514591097832,0.093806765973568,0.17645771801472,-0.12521009147167,0.081539005041122,0.075809814035892,-0.10824777185917,0.048282783478498,0.068608984351158,0.00018824005383067,-0.22954820096493,-0.066554315388203,-0.061322662979364,-0.041577961295843,0.063163757324219,-0.018412573263049,0.00083036371506751,0.062836468219757,0.1021526902914,-0.078036524355412,-0.043861106038094,0.020204249769449,-0.054801497608423,-0.064997389912605,0.05663276463747,-0.059856064617634,-0.07109746336937,0.019812310114503,0.0083065163344145,-0.039237890392542,-0.14202593266964,0.048669189214706,-0.02393975481391,-0.042304657399654,0.14692212641239,0.16499021649361,-0.037422087043524,-0.21711257100105,0.0060089817270637,-0.11147048324347,0.033592559397221,-0.0088603775948286,-0.16951575875282,0.073951683938503,0.0550990216434,-0.025777628645301,-0.086066111922264,-0.080684751272202,-0.16656219959259,0.017375241965055,-0.17653192579746,-0.018798822537065,-0.065729238092899,-0.11166091263294,0.037992510944605,0.010679390281439,0.035045132040977,-0.026523185893893,-0.013764031231403,-0.081434361636639,-0.024891270324588,0.078372143208981,0.14778998494148,-0.089910835027695,-0.025549521669745,-0.14288963377476,-0.068697065114975,-0.047075763344765,0.064719647169113,-0.030657108873129,0.2297690808773,-0.043443247675896,-0.14875334501266,0.059226851910353,-0.010318690910935,-0.1328586935997,-0.14095582067966,-0.073703922331333,-0.055403228849173,0.027412410825491,-0.05426836386323,-0.12997956573963,-0.004942933563143,-0.12257778644562,0.044022455811501,-0.017428522929549,0.0053886813111603,0.023873241618276,0.11330828070641,0.1394656598568,-0.0036554918624461,0.020426880568266,0.086624823510647,-0.02302848175168,0.011745854280889,-0.20368011295795,-0.025208422914147,0.050022058188915,0.028273513540626,-0.05318595468998,-0.075662925839424,0.074348755180836,-0.010991778224707,0.040565926581621,0.092770129442215,-0.050161484628916,0.066830553114414,-0.06542281806469,0.18864020705223,0.10769353806973,-0.10370778292418,0.01765445061028,0.010652690194547
0.046216275542974,0.087750963866711,-0.13264268636703,0.137595936656,0.011351341381669,-0.010117679834366,0.067139327526093,0.060351729393005,0.025559674948454,0.060263220220804,0.11235526204109,0.055723644793034,0.10893271118402,-0.14857448637486,-0.11930819600821,-0.036790147423744,0.025911800563335,0.06929150223732,-0.099098585546017,0.19341298937798,0.078771747648716,-0.22571536898613,0.0097899660468102,0.037460140883923,-0.0010961466468871,-0.17727914452553,-0.16068631410599,-0.10463128238916,-0.051118787378073,0.092598237097263,-0.039639282971621,0.073831230401993,0.009060388430953,0.033371217548847,-0.13144488632679,-0.034731034189463,-0.039492655545473,-0.012492946349084,-0.085753470659256,-0.010369479656219,0.012467354536057,-0.091397196054459,0.0001185422152048,0.030483277514577,-0.082365833222866,-0.10999770462513,0.067557983100414,-0.0247822124511,0.028409089893103,0.115484200418,0.075952917337418,0.042604044079781,-0.17804217338562,0.018879426643252,0.0038335071876645,-0.034297615289688,-0.021474499255419,-0.15598867833614,0.069811761379242,0.023787345737219,-0.013182254508138,-0.068547442555428,-0.035124283283949,-0.098588153719902,-0.032424181699753,-0.1811196655035,0.034594528377056,-0.073309488594532,-0.032493490725756,-0.060323148965836,0.027289289981127,0.085594564676285,0.0013863417552784,0.073281012475491,-0.048271376639605,0.021608978509903,0.059328429400921,0.1375625282526,-0.057357992976904,0.080409526824951,-0.16465593874454,-0.088347040116787,-0.028721770271659,0.082206256687641,0.0031323574949056,0.24279852211475,0.0049094958230853,-0.060789003968239,0.089216180145741,-0.11288148909807,-0.11041368544102,-0.094123728573322,-0.035101972520351,-0.081312961876392,-0.062462892383337,-0.17955121397972,-0.048311561346054,-0.020682938396931,-0.074140727519989,-0.037553645670414,-0.018306598067284,0.023681813850999,0.082108341157436,0.12531365454197,0.05047420412302,0.041199661791325,0.01760602556169,0.23980900645256,0.016847956925631,0.061937965452671,-0.17830200493336,-0.025856453925371,-0.059815738350153,-0.016628216952085,-0.0801702439785,-0.04313788190484,0.082438327372074,-0.043658170849085,0.062040712684393,0.11037263274193,-0.10497195273638,0.092767171561718,-0.06979376077652,0.16771049797535,0.014425285160542,-0.066071480512619,-0.0087849982082844,0.065446943044662
0.087295107543468,0.13851188123226,-0.10261239856482,0.14958769083023,0.015202815644443,0.012731341645122,0.024409458041191,-0.0020702327601612,0.0060392264276743,0.071136474609375,0.15847040712833,0.032622653990984,0.0785126760602,-0.14864961802959,-0.11400023847818,0.040657848119736,0.060287110507488,0.15826399624348,-0.11218976229429,0.14372974634171,0.11047477275133,-0.15180191397667,0.052026711404324,-0.0064258445054293,0.0028853369876742,-0.18437388539314,-0.1355114877224,-0.082101427018642,-0.040262628346682,0.11596800386906,-0.064412117004395,0.075317040085793,0.014848161488771,0.058301087468863,-0.061027299612761,-0.060925431549549,-0.023798555135727,-0.0076489397324622,-0.010524682700634,-0.0064540822058916,-0.09153313934803,-0.050443425774574,0.0072605619207025,0.0024298869539052,-0.055085197091103,-0.1143504679203,0.058396089822054,-0.033997472375631,-0.021327065303922,0.14597463607788,0.15143656730652,0.059956070035696,-0.21034482121468,0.030122932046652,-0.067636176943779,-0.04665532708168,0.02643440105021,-0.18272317945957,0.046075843274593,0.049385588616133,0.0120804104954,-0.09547021985054,-0.015940371900797,-0.13433800637722,0.015750726684928,-0.20175211131573,-0.011456998065114,-0.050196405500174,-0.074905946850777,0.02979270927608,0.037006188184023,0.071696296334267,0.0014013282489032,0.042017690837383,-0.12839040160179,-0.033184677362442,0.080386638641357,0.098041318356991,-0.097995474934578,0.03845215216279,-0.12049237638712,-0.066170133650303,-0.051843911409378,0.056467447429895,-0.01457944419235,0.19960272312164,-0.05925453081727,-0.1136053353548,0.085033044219017,-0.051350481808186,-0.11358315497637,-0.11216107755899,-0.08218377828598,-0.037094574421644,0.0013559147482738,-0.13092981278896,-0.075489744544029,0.008284505456686,-0.10475442558527,0.0071732020005584,0.0004023342335131,0.041977416723967,0.03966611623764,0.12355411797762,0.12858118116856,0.015120996162295,0.067997775971889,0.17750465869904,0.048545733094215,0.051670700311661,-0.19736084342003,-0.031529508531094,-0.0067499503493309,0.042435217648745,-0.028586095198989,-0.060218542814255,0.082045041024685,-0.0023341018240899,0.054540075361729,0.075599662959576,-0.098565831780434,0.10276022553444,-0.017734866589308,0.15637005865574,0.11053458601236,-0.089946463704109,0.07113840430975,0.030361689627171
0.041685599833727,0.1621273458004,-0.065701574087143,0.10369841754436,-0.0050390604883432,0.019362626597285,0.0049308831803501,0.053033620119095,0.033973943442106,0.10798446089029,0.15302954614162,-0.0052416333928704,0.09037097543478,-0.13718082010746,-0.03994894772768,0.038595102727413,0.084865026175976,0.17745420336723,-0.12458661198616,0.090239644050598,0.091825388371944,-0.12766581773758,0.053429447114468,0.050335448235273,0.0067847147583961,-0.23263429105282,-0.094773359596729,-0.066148422658443,-0.033946748822927,0.083163626492023,-0.022852189838886,0.022385155782104,0.056361451745033,0.089096590876579,-0.071104317903519,-0.053088661283255,0.018218485638499,-0.039145156741142,-0.049567621201277,0.039017993956804,-0.06787908822298,-0.069030173122883,0.027746284380555,0.0031321796122938,-0.039733849465847,-0.13768941164017,0.053707994520664,-0.023982997983694,-0.03055414557457,0.14091634750366,0.15791584551334,-0.017600398510695,-0.20937405526638,0.013510612770915,-0.10455000400543,0.017620718106627,0.012970240786672,-0.18338394165039,0.075563251972198,0.04263923317194,-0.01620626449585,-0.084984824061394,-0.081446059048176,-0.1557080000639,0.0098932012915611,-0.1745857745409,-0.016292963176966,-0.067860633134842,-0.099448092281818,0.025434082373977,0.01310873311013,0.044395174831152,-0.023245435208082,-0.0038632804062217,-0.086334571242332,-0.025852942839265,0.077150449156761,0.13797011971474,-0.089312873780727,-0.011900848709047,-0.13701723515987,-0.065342590212822,-0.050541996955872,0.072216138243675,-0.021115681156516,0.2352614402771,-0.054836221039295,-0.14043560624123,0.06760373711586,-0.026343308389187,-0.1315663009882,-0.13218964636326,-0.070684894919395,-0.064574591815472,0.017114685848355,-0.076321803033352,-0.12915031611919,0.01621451228857,-0.11935663968325,0.037091858685017,-0.0079041142016649,0.006703335326165,0.037720795720816,0.12527769804001,0.14050330221653,-0.0031566272955388,0.029334956780076,0.11378388851881,0.0025704593863338,0.023878434672952,-0.21291041374207,-0.030678197741508,0.028200311586261,0.029102984815836,-0.056462343782187,-0.066632851958275,0.081562049686909,-0.0066884476691484,0.040359370410442,0.087956212460995,-0.061038739979267,0.081664957106113,-0.061277192085981,0.18352247774601,0.092998124659061,-0.10473776608706,0.017299564555287,0.020504439249635
0.03517223149538,0.189238935709,-0.073032088577747,0.10540587455034,-0.010541795752943,0.032931491732597,0.0004283017187845,0.041040997952223,0.050823215395212,0.10921461880207,0.16600935161114,-0.0020033838227391,0.079928644001484,-0.13733804225922,-0.034049045294523,0.03178084269166,0.092265300452709,0.16910301148891,-0.123490691185,0.073145888745785,0.076764985918999,-0.1175459176302,0.043032851070166,0.065169915556908,0.019526576623321,-0.23353408277035,-0.075358554720879,-0.058092202991247,-0.0278339702636,0.083026245236397,-0.009101583622396,0.019614452496171,0.060440734028816,0.096832640469074,-0.08048015832901,-0.044837936758995,0.027266830205917,-0.043386172503233,-0.053765863180161,0.057549022138119,-0.053018592298031,-0.071914114058018,0.027195867151022,0.004164173733443,-0.037065133452415,-0.13770811259747,0.059154637157917,-0.025209028273821,-0.034421309828758,0.13082057237625,0.16398003697395,-0.0022379835136235,-0.20979233086109,0.003109416924417,-0.10305020958185,0.036177240312099,-0.0057454071938992,-0.16977572441101,0.074620053172112,0.03977283462882,-0.03851330652833,-0.093888930976391,-0.068803302943707,-0.17503121495247,0.011808315292001,-0.16320857405663,-0.0040728459134698,-0.066870152950287,-0.10835528373718,0.047075062990189,0.011154030449688,0.046114705502987,-0.030661568045616,-0.00032527791336179,-0.066516816616058,-0.027887070551515,0.073093757033348,0.14540518820286,-0.10509176552296,-0.019632948562503,-0.14647698402405,-0.047136265784502,-0.040286023169756,0.067858017981052,-0.021832482889295,0.22959427535534,-0.049460157752037,-0.15093655884266,0.060679849237204,-0.021547637879848,-0.13715061545372,-0.14735935628414,-0.065238617360592,-0.06755381077528,0.030499532818794,-0.080101370811462,-0.12646886706352,0.0014834858011454,-0.10777781158686,0.033701431006193,-0.022152842953801,0.0065435855649412,0.037487849593163,0.13273759186268,0.1208548694849,0.0024324688129127,0.021460661664605,0.10347554832697,-0.013922626152635,0.016143267974257,-0.19773904979229,-0.022213121876121,0.029624430462718,0.031722828745842,-0.052108854055405,-0.081193029880524,0.066743053495884,-0.019324542954564,0.056712806224823,0.0931586176157,-0.041808098554611,0.082287684082985,-0.065685093402863,0.18977852165699,0.099926143884659,-0.099005363881588,0.020088629797101,0.018710318952799
0.044067438691854,0.12328650802374,0.10746485739946,0.12345305085182,-0.052260931581259,0.10886830836535,0.0050031533464789,0.058164536952972,0.084599867463112,0.02605826407671,0.20150972902775,-0.010847906582057,0.034608826041222,-0.1702876240015,0.045050889253616,-0.0022612188477069,-0.013417339883745,0.18366128206253,-0.14207150042057,-0.023467311635613,0.15977086126804,-0.00182547676377,-0.0095582138746977,0.11901112645864,0.06103627383709,-0.2252239882946,-0.080178894102573,-0.078645154833794,-0.041757188737392,0.066771537065506,0.04864689335227,-0.072137609124184,0.03054085187614,0.15788984298706,0.016793444752693,-0.036396194249392,0.023593531921506,-0.092846512794495,-0.016060998663306,0.06015483289957,-0.0021570336539298,-0.07216688990593,-0.00021556710998993,0.021972665563226,-0.019239511340857,-0.24845090508461,0.0217594075948,-0.057155795395374,-0.02826926484704,0.10062532126904,0.16229036450386,-0.049216311424971,-0.16782581806183,0.040309395641088,-0.071054100990295,0.067562431097031,-0.0403649546206,-0.14272400736809,-0.00029355415608734,0.012190980836749,-0.047840103507042,-0.1163996681571,-0.069265805184841,-0.14637577533722,0.025772573426366,-0.11731964349747,0.048907026648521,-0.11887095123529,-0.10982421040535,0.10165034234524,0.010846961289644,0.035194307565689,-0.01722944714129,-0.043036259710789,-0.073431327939034,-0.090633898973465,0.029242197051644,0.078411839902401,-0.079974159598351,0.046692725270987,-0.086822137236595,-0.023232171311975,0.03230482712388,0.032376259565353,-0.022788323462009,0.17253476381302,0.015141006559134,-0.14657233655453,-0.0097463289275765,0.044924981892109,-0.061824113130569,-0.17982012033463,-0.066750012338161,-0.037697594612837,-0.064637906849384,-0.059597495943308,-0.17697384953499,-0.037523914128542,-0.083235628902912,0.097180686891079,0.0046344217844307,0.02706509642303,0.0033815011847764,0.048948712646961,0.19242569804192,0.0010225750738755,0.07474360615015,0.020060066133738,-0.031778708100319,-0.0016983631066978,-0.17898567020893,-0.05081844329834,-0.017422081902623,0.010158743709326,0.017664134502411,-0.032961748540401,0.083563141524792,0.0043883319012821,0.015211970545352,0.06195380911231,0.031690023839474,0.041269049048424,-0.070877321064472,0.15120185911655,0.16606396436691,-0.059677992016077,0.12953712046146,0.065435327589512
0.040809132158756,0.11871315538883,0.1078053638339,0.11566488444805,-0.056378182023764,0.10284071415663,0.0036247754469514,0.065322630107403,0.092555209994316,0.024264343082905,0.20473378896713,-0.014907059259713,0.035893641412258,-0.16912873089314,0.050453014671803,-0.015605052001774,-0.019136579707265,0.17835055291653,-0.1479879617691,-0.017791597172618,0.14465920627117,0.0037856772542,-0.01112743653357,0.11895827949047,0.050499778240919,-0.22818747162819,-0.0737045109272,-0.070590689778328,-0.049617312848568,0.054606135934591,0.048500891774893,-0.087883844971657,0.031605839729309,0.15929961204529,0.013949141837656,-0.029959080740809,0.024345520883799,-0.095794983208179,-0.030737709254026,0.068762615323067,0.0019435292342678,-0.072709299623966,-0.011406541801989,0.029430406168103,-0.023669939488173,-0.24788600206375,0.011139035224915,-0.04580058529973,-0.019432350993156,0.11360557377338,0.15052175521851,-0.055867072194815,-0.17589515447617,0.039045229554176,-0.076912403106689,0.06543380022049,-0.05438831821084,-0.14494232833385,0.00063521030824631,0.019006391987205,-0.050152562558651,-0.11424866318703,-0.071670159697533,-0.13655704259872,0.017086969688535,-0.12321551889181,0.056930255144835,-0.1200727969408,-0.1028510928154,0.098117366433144,0.013259759172797,0.028931107372046,-0.0047847735695541,-0.038727626204491,-0.072281442582607,-0.095675215125084,0.023711659014225,0.078737080097198,-0.075691789388657,0.044504545629025,-0.08253525197506,-0.029484990984201,0.025709772482514,0.031474981456995,-0.022676143795252,0.17503671348095,0.017340151593089,-0.14706848561764,-0.0075379991903901,0.048038847744465,-0.055650908499956,-0.1789842993021,-0.058385416865349,-0.046972811222076,-0.067351542413235,-0.064454674720764,-0.1819823384285,-0.05079847574234,-0.084062792360783,0.094563387334347,0.00052223121747375,0.026784520596266,0.0063461763784289,0.033654563128948,0.19413939118385,-0.00044877242180519,0.072654627263546,0.017247261479497,-0.03613343462348,0.0077469605021179,-0.16961486637592,-0.049931846559048,-0.012129619717598,0.014073654077947,0.0026902912650257,-0.035506714135408,0.090612158179283,0.0053306799381971,0.013906105421484,0.055922597646713,0.030026691034436,0.040013119578362,-0.078015021979809,0.16335795819759,0.16416427493095,-0.070593424141407,0.12245488911867,0.066561259329319
0.037563804537058,0.13294567167759,0.11650591343641,0.13059262931347,-0.056235127151012,0.1164216697216,0.00088301504729316,0.047712795436382,0.067281790077686,0.041653342545033,0.19951456785202,-0.0201456528157,0.031539168208838,-0.16433487832546,0.060944378376007,-0.001316528650932,-0.017572097480297,0.18918579816818,-0.13278762996197,-0.03204257786274,0.14783237874508,-0.0084840599447489,-0.0071509727276862,0.11512834578753,0.071053571999073,-0.22132742404938,-0.089424699544907,-0.073627255856991,-0.041803415864706,0.059244632720947,0.054295729845762,-0.063286870718002,0.013024881482124,0.15421046316624,0.019302172586322,-0.027713654562831,0.019072249531746,-0.099975176155567,-0.0063886824063957,0.065801478922367,-0.00023203936871141,-0.074702121317387,0.0021721222437918,0.017610009759665,-0.022275755181909,-0.2522794008255,0.030925020575523,-0.051721561700106,-0.029001349583268,0.098463974893093,0.17654654383659,-0.047122731804848,-0.17613840103149,0.039210751652718,-0.071447171270847,0.065924793481827,-0.036706428974867,-0.14113289117813,0.016933407634497,0.0087668299674988,-0.049441888928413,-0.10751006752253,-0.075794942677021,-0.15163432061672,0.030187437310815,-0.1013645157218,0.056428756564856,-0.12336457520723,-0.11077159643173,0.11503916233778,0.0098215891048312,0.056659463793039,-0.0063547352328897,-0.025336047634482,-0.072808459401131,-0.1065636202693,0.025637349113822,0.07715080678463,-0.07734277844429,0.041651502251625,-0.077326290309429,-0.021758887916803,0.033291067928076,0.023951532319188,-0.028566753491759,0.16477029025555,0.011049309745431,-0.14736939966679,-0.0058032474480569,0.041654825210571,-0.064454771578312,-0.16696764528751,-0.056449364870787,-0.047811958938837,-0.066690050065517,-0.062582023441792,-0.17175191640854,-0.028527064248919,-0.08416797965765,0.09768920391798,-0.0044827647507191,0.02983103133738,0.0096219442784786,0.048778232187033,0.19666850566864,0.0078357271850109,0.07269973307848,0.019520692527294,-0.023265674710274,0.0055284681729972,-0.18146689236164,-0.040874611586332,-0.012473099865019,0.0097318990156054,0.017743989825249,-0.045920010656118,0.093022100627422,0.0066969413310289,0.016419135034084,0.052911810576916,0.037816599011421,0.034770466387272,-0.062142718583345,0.14736114442348,0.16144794225693,-0.060426149517298,0.12925364077091,0.070895202457905
0.040809132158756,0.11871315538883,0.1078053638339,0.11566488444805,-0.056378182023764,0.10284071415663,0.0036247754469514,0.065322630107403,0.092555209994316,0.024264343082905,0.20473378896713,-0.014907059259713,0.035893641412258,-0.16912873089314,0.050453014671803,-0.015605052001774,-0.019136579707265,0.17835055291653,-0.1479879617691,-0.017791597172618,0.14465920627117,0.0037856772542,-0.01112743653357,0.11895827949047,0.050499778240919,-0.22818747162819,-0.0737045109272,-0.070590689778328,-0.049617312848568,0.054606135934591,0.048500891774893,-0.087883844971657,0.031605839729309,0.15929961204529,0.013949141837656,-0.029959080740809,0.024345520883799,-0.095794983208179,-0.030737709254026,0.068762615323067,0.0019435292342678,-0.072709299623966,-0.011406541801989,0.029430406168103,-0.023669939488173,-0.24788600206375,0.011139035224915,-0.04580058529973,-0.019432350993156,0.11360557377338,0.15052175521851,-0.055867072194815,-0.17589515447617,0.039045229554176,-0.076912403106689,0.06543380022049,-0.05438831821084,-0.14494232833385,0.00063521030824631,0.019006391987205,-0.050152562558651,-0.11424866318703,-0.071670159697533,-0.13655704259872,0.017086969688535,-0.12321551889181,0.056930255144835,-0.1200727969408,-0.1028510928154,0.098117366433144,0.013259759172797,0.028931107372046,-0.0047847735695541,-0.038727626204491,-0.072281442582607,-0.095675215125084,0.023711659014225,0.078737080097198,-0.075691789388657,0.044504545629025,-0.08253525197506,-0.029484990984201,0.025709772482514,0.031474981456995,-0.022676143795252,0.17503671348095,0.017340151593089,-0.14706848561764,-0.0075379991903901,0.048038847744465,-0.055650908499956,-0.1789842993021,-0.058385416865349,-0.046972811222076,-0.067351542413235,-0.064454674720764,-0.1819823384285,-0.05079847574234,-0.084062792360783,0.094563387334347,0.00052223121747375,0.026784520596266,0.0063461763784289,0.033654563128948,0.19413939118385,-0.00044877242180519,0.072654627263546,0.017247261479497,-0.03613343462348,0.0077469605021179,-0.16961486637592,-0.049931846559048,-0.012129619717598,0.014073654077947,0.0026902912650257,-0.035506714135408,0.090612158179283,0.0053306799381971,0.013906105421484,0.055922597646713,0.030026691034436,0.040013119578362,-0.078015021979809,0.16335795819759,0.16416427493095,-0.070593424141407,0.12245488911867,0.066561259329319
0.040809132158756,0.11871315538883,0.1078053638339,0.11566488444805,-0.056378182023764,0.10284071415663,0.0036247754469514,0.065322630107403,0.092555209994316,0.024264343082905,0.20473378896713,-0.014907059259713,0.035893641412258,-0.16912873089314,0.050453014671803,-0.015605052001774,-0.019136579707265,0.17835055291653,-0.1479879617691,-0.017791597172618,0.14465920627117,0.0037856772542,-0.01112743653357,0.11895827949047,0.050499778240919,-0.22818747162819,-0.0737045109272,-0.070590689778328,-0.049617312848568,0.054606135934591,0.048500891774893,-0.087883844971657,0.031605839729309,0.15929961204529,0.013949141837656,-0.029959080740809,0.024345520883799,-0.095794983208179,-0.030737709254026,0.068762615323067,0.0019435292342678,-0.072709299623966,-0.011406541801989,0.029430406168103,-0.023669939488173,-0.24788600206375,0.011139035224915,-0.04580058529973,-0.019432350993156,0.11360557377338,0.15052175521851,-0.055867072194815,-0.17589515447617,0.039045229554176,-0.076912403106689,0.06543380022049,-0.05438831821084,-0.14494232833385,0.00063521030824631,0.019006391987205,-0.050152562558651,-0.11424866318703,-0.071670159697533,-0.13655704259872,0.017086969688535,-0.12321551889181,0.056930255144835,-0.1200727969408,-0.1028510928154,0.098117366433144,0.013259759172797,0.028931107372046,-0.0047847735695541,-0.038727626204491,-0.072281442582607,-0.095675215125084,0.023711659014225,0.078737080097198,-0.075691789388657,0.044504545629025,-0.08253525197506,-0.029484990984201,0.025709772482514,0.031474981456995,-0.022676143795252,0.17503671348095,0.017340151593089,-0.14706848561764,-0.0075379991903901,0.048038847744465,-0.055650908499956,-0.1789842993021,-0.058385416865349,-0.046972811222076,-0.067351542413235,-0.064454674720764,-0.1819823384285,-0.05079847574234,-0.084062792360783,0.094563387334347,0.00052223121747375,0.026784520596266,0.0063461763784289,0.033654563128948,0.19413939118385,-0.00044877242180519,0.072654627263546,0.017247261479497,-0.03613343462348,0.0077469605021179,-0.16961486637592,-0.049931846559048,-0.012129619717598,0.014073654077947,0.0026902912650257,-0.035506714135408,0.090612158179283,0.0053306799381971,0.013906105421484,0.055922597646713,0.030026691034436,0.040013119578362,-0.078015021979809,0.16335795819759,0.16416427493095,-0.070593424141407,0.12245488911867,0.066561259329319
